-34.3556,14.1985
5.4185,79.8801
-64.7593,21.5772
-64.5964,49.32
-68.5676,14.8969
53.1351,-14.64
21.0679,-85.9256
111.3951,16.457
-19.4153,-95.7497
66.181,-43.0538
-42.9244,40.6473
-42.41,-57.8289
-27.8735,28.9643
43.943,-22.8036
-52.1762,-6.8871
-36.6165,-43.0478
19.5519,72.79
-26.823,-43.0423
3.1473,10.0106
44.7255,-1.1686
46.3161,-36.0882
-97.7863,52.7713
49.3574,-63.7176
-27.487,-35.7643
-15.2297,11.2583
-20.1325,-26.4704
29.4844,40.2742
-12.9658,-89.3838
-59.6114,22.7273
-6.1891,-37.762
-54.9862,34.8278
44.0533,20.3605
-0.3103,29.621
6.4646,-30.5066
49.2404,-49.0017
-31.6794,-90.4081
-90.1472,96.6955
-60.1569,-27.9134
-114.4394,-17.6708
-86.8129,-47.4492
-158.3747,54.5448
-11.0412,-30.8242
-60.7074,50.9831
67.9157,-18.7479
-35.511,-62.6584
-66.2226,-16.7064
16.6252,-99.9211
23.4438,-126.6239
-38.5998,1.8247
-28.8516,-68.8447
-36.666,-3.2196
7.0753,58.0946
-79.0927,1.4893
-51.0871,-58.5681
-26.3797,-63.1562
-46.783,-55.831
-9.866,24.5334
-10.5868,7.7434
78.5244,15.0377
-32.9241,8.0426
47.4728,-27.6974
61.8722,24.5477
-32.8039,-26.5167
18.6082,15.0403
-45.232,30.7772
-85.5683,22.9596
124.6594,88.8302
1.7331,-62.2528
-68.5286,183.9065
20.7567,40.1204
-79.1821,1.6846
-92.6959,-25.0581
33.4294,20.1315
37.0536,-38.6991
0.1906,-15.0828
29.3407,34.4184
62.5837,-3.8364
45.4839,11.8056
23.6956,13.1977
56.3755,66.5248
-54.8288,43.9044
20.3023,73.4572
-67.1264,53.7358
12.3261,-143.1769
-36.6326,15.289
-77.4521,13.5212
-10.8539,94.8152
23.0863,40.7017
23.9133,-18.6506
26.158,-59.8714
-7.1697,-27.0291
-43.9088,-42.1715
58.9434,83.4794
-54.3499,33.8704
-30.369,92.8831
43.9924,-31.8716
19.5554,-53.5412
-6.4742,-0.8099
33.7738,107.4036
88.1219,-36.0722
66.1337,32.7536
51.1543,25.3536
-47.8892,-44.3334
54.0856,-45.1677
-82.3885,-27.8325
-24.5083,2.1
140.338,102.9652
-68.4973,-49.7464
40.168,-62.8242
7.426,-43.7744
32.3124,10.9223
-51.1908,-2.087
22.9125,40.9418
-38.6793,-29.7407
2.8143,53.5392
12.9234,-38.5127
139.8783,16.6638
-62.9527,-45.9157
-15.5125,-3.2223
75.3053,-36.7872
-61.1651,32.4173
49.2999,19.0107
-10.2824,63.8388
49.6902,27.2541
-28.3091,44.3625
16.4929,-35.4994
22.5023,-69.0588
11.4555,70.0315
-40.6682,-6.7878
66.1702,-16.8506
16.7194,-35.6613
37.3655,3.9561
101.8625,-9.5857
33.5483,41.9543
-55.3991,27.6414
-35.5247,-65.5561
-48.866,-71.0238
24.7913,4.148
-42.3887,23.8497
-63.3386,-82.7241
-32.3633,-5.9714
-74.4357,-27.617
-76.1406,-5.9533
30.3957,-43.711
31.4999,-34.7523
-61.9143,-13.3205
59.5001,-49.7927
59.8059,-43.9524
-47.297,-21.2515
-25.6875,68.0248
59.0826,43.8998
72.6359,-95.7034
89.1834,-17.0522
30.9765,104.9987
-58.8508,-33.9961
-26.3062,91.1421
-25.4624,-55.087
-37.2941,-90.3967
-71.92,37.9068
-68.6381,30.9622
73.6714,-25.5998
-70.0566,-41.8108
-36.8524,-29.7594
-81.1537,-31.3945
24.3981,5.3651
56.0205,66.7106
-0.2967,-81.5139
50.7787,25.4032
-20.3567,-29.1555
-2.1965,18.2347
-140.9264,57.5125
-23.6867,65.5161
-124.3834,-41.4111
65.7438,-104.7752
5.7017,40.4985
65.676,-46.6695
26.0417,43.3718
6.8603,-83.3987
62.9334,-4.8077
-13.6302,-6.8698
-22.7192,61.2618
-72.3969,-40.2988
-34.0021,-6.1017
-31.0172,45.3875
-59.122,-43.692
32.1361,-26.2145
-29.9321,-48.1292
39.8092,-28.1068
-66.8439,4.7369
-76.5377,-38.272
-60.058,-32.5946
-78.3168,41.9176
-12.8763,88.6207
59.9727,6.0822
-18.8044,-7.7903
56.8024,-70.5996
-20.9266,90.6534
40.6276,-9.5594
-127.5244,-0.0053
26.2541,-18.8543
-27.6788,-79.382
38.4429,81.0229
20.7426,32.4942
67.4191,-54.786
-35.1239,-47.6888
-78.9429,46.1817
40.3476,70.6839
10.4736,37.6601
2.4671,-63.4432
72.5734,-18.3918
-1.9978,51.9004
2.2069,4.576
24.5126,1.6765
-6.3615,58.6911
-15.1346,33.5385
103.6818,10.8454
15.4844,18.3169
-76.9067,-61.7307
41.0172,-0.148
41.1095,-75.1436
-30.6158,-95.8355
80.5167,42.9508
18.102,16.3545
82.9366,25.8416
-32.7642,53.8961
40.8541,-67.2174
-82.372,-27.8344
-133.5647,-29.2909
-30.7947,66.9728
36.7665,-81.2449
46.3889,-32.7294
76.3374,31.094
-58.7563,-43.2783
43.883,-12.2075
10.6983,-57.0422
-9.6806,-56.7971
-112.9158,22.5954
-25.6979,68.1226
64.3478,-63.3588
-44.6977,-2.6076
-10.3131,62.8928
-50.5361,-28.3793
-108.6918,6.4018
-9.766,-66.9104
-74.09,-48.8923
34.0611,-34.1131
-27.8517,8.4584
14.4552,-55.7236
-36.0235,30.4291
-74.0854,-9.845
-20.1881,-23.5333
25.0377,2.3876
-6.5892,-76.0581
11.5749,39.5546
-38.3113,-36.0416
-66.072,-32.5128
-57.0128,-21.804
-20.4067,-10.271
52.6756,40.2882
-24.9623,26.9719
-79.3494,2.0122
12.9733,-38.6584
-168.7899,66.8083
-69.6762,-6.9381
25.0627,55.6775
-54.5396,43.904
-21.1881,73.12
24.2332,92.7677
14.2366,-25.8317
60.9374,35.2158
-6.4526,-9.8712
-3.8923,-78.185
-45.3138,112.7552
47.111,87.032
23.7264,-43.6815
37.4197,-0.4218
33.0818,42.395
-34.1202,-38.6321
-38.8457,-93.1922
-28.4506,-63.6662
40.5984,-3.8028
-3.0948,-49.7487
-19.7125,-38.4541
-31.7829,-8.8794
94.5171,-24.3009
8.0444,54.7106
-64.3085,-60.2332
22.3358,-4.7263
-41.6531,-158.3801
0.7375,-201.81
11.0298,-39.0592
8.7599,106.5702
-36.5959,-29.8228
27.7733,26.6344
31.4853,34.7301
-67.5636,-45.142
23.1459,50.1047
19.477,14.454
-34.1799,-55.3788
32.7697,64.4776
70.3589,-7.2984
-47.3326,-40.0177
59.0912,-59.4901
62.484,-49.618
60.734,-17.3048
14.2098,-9.9885
7.9556,-84.1551
-3.9451,43.0543
-29.6168,85.0812
-31.6903,-148.5449
-24.0104,61.362
54.2131,105.8386
-12.6684,77.4396
120.3822,15.8579
-48.787,31.7731
-70.9935,-35.8573
-40.0838,-79.3033
-16.9078,-52.8809
-49.4464,-73.097
-25.8949,-38.5152
-95.4844,-6.3995
-70.8312,-34.376
2.7538,71.1279
7.5454,166.7351
48.8879,-50.2695
66.2887,-20.1671
18.1503,-95.106
31.3034,-40.539
-55.8133,-71.2133
65.8252,-2.1641
-38.3173,-91.9714
-38.5386,-8.8418
51.024,25.352
1.585,-134.8892
15.9399,-51.7891
95.5261,-15.312
-63.3839,-46.1939
36.2515,-53.987
18.2499,2.684
12.8142,78.6331
-30.1264,-35.071
53.69,-76.7194
30.2987,73.7608
26.6679,56.1289
14.533,-16.7625
-49.3412,-73.0768
34.3077,-81.4938
-92.4416,-25.5278
-3.414,13.3505
-78.3929,-24.8119
6.8304,57.7782
72.6859,-68.9485
23.4912,-6.9442
128.1475,-134.0093
42.7804,2.5023
24.257,39.9364
40.7118,-67.5818
10.1226,-96.7691
19.3284,147.9785
82.9551,33.7986
19.1591,-8.5967
79.5042,-9.7924
87.1001,-32.8327
-38.184,100.3727
41.3579,36.7148
3.3601,10.1377
-36.8677,89.3653
-34.2213,-77.4434
62.397,54.5342
-11.2563,-19.291
2.8929,-27.7446
72.3131,-58.2647
31.3037,-40.5224
62.6196,-49.513
-1.35,-48.9261
-28.1607,32.1822
-51.3557,19.5963
34.3475,20.9281
28.1111,-7.7955
-92.4241,-16.0307
-149.326,-47.3383
199.0335,-41.6758
36.0743,78.0411
-9.6695,5.6665
-196.2115,-0.3576
47.9579,31.8896
68.2265,-52.0671
-39.3703,-0.6924
-25.4817,51.4147
54.3879,71.2421
48.8624,71.0261
-13.5854,16.1057
38.7373,52.6238
-15.7648,12.5017
46.1349,-53.393
53.9823,2.7046
41.3275,21.0652
-179.8459,-27.2227
36.8379,177.0447
-38.4977,-92.4862
-84.0102,-12.9698
-3.8455,60.9423
44.1219,-7.4954
-67.3749,3.0246
91.1757,-61.602
-51.8162,-11.6102
30.2546,106.4506
-78.228,-25.9716
-35.4238,87.8766
-10.1241,-15.0712
40.8638,-0.2468
-5.6831,90.731
87.1302,48.7333
17.0293,44.3531
-51.2305,30.2255
38.9973,85.7591
-4.4959,15.1107
-70.2226,16.9722
50.923,-20.1571
-50.4408,32.1041
-58.7949,19.0561
54.934,31.8973
-9.826,-39.3566
-38.3643,-27.3826
37.5906,-20.1241
-28.2698,-53.0629
5.116,-54.5215
-28.7242,-23.8921
63.5069,5.8728
65.118,-47.4598
67.7533,11.5283
20.9063,-30.2975
-60.8041,-11.0877
51.0847,-6.9718
-1.961,-20.4462
61.5341,-14.4307
-66.9458,-55.5775
-55.288,-19.5959
-43.8852,41.9596
45.6145,-11.5711
21.9425,-39.817
-7.7788,-84.4007
-28.9931,20.9987
-55.1635,-70.0696
-29.9813,84.9314
-30.3623,92.9689
44.8459,5.197
21.0214,9.2444
84.7568,-9.1753
-48.611,31.7419
48.7851,-0.3209
40.1172,-62.8702
-41.4445,-5.8875
-64.6954,-46.9833
-68.151,-14.6648
-84.9795,-24.2504
54.411,71.2873
-16.2977,-11.6861
102.1298,-21.7292
2.8483,-72.1075
40.7594,2.3024
-30.0128,32.2418
84.2887,-179.7771
67.55,-30.0479
-36.6605,51.7897
42.7167,81.293
67.3022,-52.4972
-73.5102,8.1257
-182.9003,61.8011
-52.1284,-193.8986
-45.9632,81.1149
-8.8922,-24.8092
66.0095,32.4145
34.979,108.4287
149.0887,59.3779
139.5006,-62.3212
-58.835,-57.2248
45.5703,-41.4381
14.6392,-10.9109
-118.0077,-63.5517
57.031,-17.041
82.5901,44.4435
16.8637,-22.32
-11.3251,-79.6976
-33.0591,-72.0264
-14.3872,50.7888
-113.1732,22.9674
-65.8088,-30.3692
-25.9165,8.0584
-4.7444,20.932
173.7515,-41.2626
-40.0015,45.2656
0.747,-43.8412
-2.8321,-71.5853
-23.5545,59.0526
-61.4014,42.1878
-67.8545,-45.6481
25.3636,2.271
24.6651,78.2827
86.1204,63.4091
-31.8618,-8.6648
3.9831,19.4492
-44.0325,17.7935
8.3968,-94.8703
-46.7104,20.8804
8.6291,-41.3177
-78.8248,13.1929
23.4349,65.6924
-9.0409,48.6307
10.9734,-55.8815
-51.1359,-59.4819
14.6291,38.0234
68.1417,5.7844
-121.4196,42.9532
-54.5236,-31.6516
-55.8028,-59.4787
-51.0265,-24.4819
27.3236,11.317
-34.6462,50.988
79.4598,-6.5336
55.493,17.0808
70.647,23.5092
-95.1003,-21.1412
31.0351,106.536
0.7623,-9.3415
-44.0857,57.0053
5.91,-10.5397
47.4732,1.1641
9.5155,-25.1957
-44.5464,-6.8208
-31.742,-1.5223
46.3928,-33.8226
-64.9157,36.3913
6.6089,-27.0585
71.0368,-18.71
6.3342,89.8587
71.1624,26.6295
36.4052,63.9382
186.4089,-57.5875
-73.3708,-45.2497
-100.805,-80.3905
16.8414,21.0949
50.085,63.8635
-0.4534,33.2195
-3.6847,-49.2105
-44.1054,25.9362
-51.6589,170.2282
55.9997,11.0347
78.5439,31.707
-29.6558,32.1882
15.8764,57.7137
5.1063,-54.5512
-32.0104,-132.3593
-57.065,16.3755
-14.5351,139.9071
-20.9041,-53.153
71.7343,36.9232
33.9304,56.1002
8.9181,-81.0867
-60.832,-76.8536
19.8652,62.2595
-13.4607,-20.7025
77.0779,11.9323
28.7075,34.4167
-112.5336,23.1752
-10.4164,64.9306
-35.5366,51.6578
47.0016,54.1352
24.7783,-25.4924
-3.7246,39.7631
2.4232,4.0801
-143.3865,-10.0557
-52.6703,2.8693
31.1065,74.8303
64.2252,-121.4468
-41.8453,-65.185
-32.0057,-0.259
41.6624,15.2715
27.2543,-19.0053
18.2094,-95.035
51.8065,-89.3302
63.532,30.3452
-86.4097,-0.4642
41.6455,16.3112
69.0013,188.9589
69.0932,51.811
-14.7013,-41.4195
-77.3037,-61.384
4.8043,76.7994
-42.302,5.6199
13.5626,-53.1013
-17.6815,71.6275
38.3357,34.1673
23.512,-57.0629
-75.4954,-6.2822
49.8336,5.195
-46.7947,2.2024
-47.1694,4.2505
-10.9635,-52.3902
-60.9294,4.1114
-63.6979,39.2397
-62.5927,-23.2133
-64.3935,49.769
28.7266,34.2951
-25.6988,-75.1748
4.5337,-30.7051
-59.4934,-66.7743
-28.399,20.9339
72.2505,25.3817
-30.6657,43.7266
-3.6068,-90.5408
-56.313,66.8293
159.3915,-49.2287
18.2462,2.6484
-21.4184,-117.1784
-30.6962,80.6246
-53.6971,45.131
-66.0824,-58.7725
49.0431,42.413
-14.1722,-34.4043
-64.8238,-47.0284
-11.2833,-39.765
-55.573,-20.2974
59.0688,43.8207
-42.7282,-177.381
-84.0257,-41.1782
-29.9415,38.8529
155.2742,-69.7393
15.268,8.5655
-38.0035,-1.8895
-82.6917,-40.179
-11.1853,7.7063
5.8766,1.1175
-16.2081,31.8858
-184.6332,41.391
-88.8722,-14.5638
10.6397,-53.7532
-77.4721,-24.1914
-13.044,45.7725
-19.7489,10.1695
51.5786,32.622
-20.861,6.0351
-66.3412,59.8714
30.6911,107.2369
-18.7011,-20.1144
81.4294,27.9048
24.2669,-77.5456
-8.3277,-98.2278
-100.8031,-13.0702
53.0426,-42.5561
65.2142,16.7902
73.5329,-44.5675
8.5567,-36.0795
43.5053,-9.246
-9.4539,86.1
40.659,2.2879
9.753,-18.4697
10.9084,49.4028
59.232,25.4826
-42.3653,-57.9982
5.9163,57.737
-57.3986,43.9517
25.0854,-42.3946
5.675,26.4642
-37.396,-59.7896
-52.0503,-6.8754
31.5124,-19.2673
-14.115,20.1551
32.2931,-58.2024
18.293,-38.7779
12.1436,-15.6792
-28.7273,32.0019
-41.3376,61.8563
-45.872,-36.2759
40.968,55.957
12.0863,8.1023
6.3823,89.9185
-13.1457,31.1785
52.0185,-19.7878
69.3972,-63.1683
32.5215,53.3732
22.8441,-85.2323
41.9365,-38.9924
-42.0601,-65.3829
-63.234,7.3796
-2.8833,-32.0036
-57.0109,-61.4575
9.2889,-9.1319
-38.3768,30.69
26.0273,-67.923
-129.0105,-10.4922
-58.6023,-57.3475
-64.1372,4.7186
-53.9867,-35.8251
48.6023,-41.6297
-7.6557,-37.1197
70.6401,16.5119
21.5771,-22.3585
-54.9352,-18.6646
33.9471,-60.0338
48.4336,-69.989
-93.5125,2.2842
-59.4624,27.7889
31.2048,34.7084
62.3161,20.5529
-20.2658,-5.5351
-50.3477,52.7254
91.2167,-51.9543
-33.0093,-45.2991
-85.768,48.7212
13.5837,-53.361
-9.869,-42.5515
118.672,-56.0369
-81.1913,22.6724
-51.2112,29.6447
-21.5352,13.2037
77.8419,20.6133
-41.3121,29.0924
52.6834,40.3009
23.621,10.2722
63.0278,-5.0037
-2.6467,58.0441
31.3212,-23.0564
67.117,1.668
-27.6709,21.1639
59.5089,9.8009
-61.4275,42.2187
16.6484,-99.9721
36.1825,-62.725
-24.5049,53.0475
50.509,-10.6608
44.2583,-17.6613
8.3967,-31.5814
103.6346,10.912
29.5272,5.7578
16.0016,89.8635
83.278,30.3899
61.7545,34.9511
100.8957,-36.3903
72.5209,-41.9409
-12.1936,-43.8095
51.0592,-56.0637
13.8226,68.389
-43.2899,-24.0205
18.3964,-47.9458
61.0968,26.3544
2.5865,42.04
-36.0588,20.8406
-52.3885,32.7314
-63.7429,39.0177
-32.8755,35.4355
76.3786,31.095
40.6572,-67.8704
28.3704,-74.9075
23.4683,62.0528
-64.2413,-60.5085
73.3492,-25.5599
-28.6231,-12.0483
4.3946,28.4304
45.0113,47.3136
-81.8107,-59.3594
3.9759,76.4628
-7.0082,-13.8751
51.68,-24.631
19.5585,-53.2853
-18.3281,-72.1321
-55.1919,10.8937
34.3685,-26.7347
-12.7259,65.9924
-15.5986,51.4386
-2.2643,-89.5849
-4.4995,-24.9192
18.9687,26.6591
-23.7323,52.2891
17.6127,-45.9734
61.6467,70.636
-56.0747,-59.2526
-66.8621,-33.4502
1.6449,17.5563
72.2917,66.0929
64.5973,114.0467
11.9765,-14.9045
18.0023,-66.5238
-58.8066,18.4807
-154.0702,19.5342
77.0865,1.0453
-41.6652,-44.1074
-3.8328,-78.0376
18.1657,-95.0471
-8.4492,68.8784
21.3677,23.2273
-6.6513,-37.8103
31.2727,1.5767
5.2511,70.2597
-80.3454,22.533
64.4574,39.8201
44.7381,-92.0973
-63.2831,-2.4732
-41.6651,-66.2259
59.0703,30.1153
-19.8631,200.5575
-6.6636,14.3524
9.1546,-96.3543
70.5743,30.0505
-78.3218,46.7935
-47.6976,-28.3197
-63.9894,-61.0713
58.9537,25.5135
-44.6665,50.5704
22.6621,-85.1809
77.6977,-66.1812
60.0443,4.3293
43.9897,-31.9088
71.2354,23.3866
-41.8779,-65.5718
12.2083,69.8237
17.7971,-10.9652
69.058,22.2475
-10.3695,-80.493
-14.57,51.8378
-5.7035,-20.1695
-34.5803,-54.6922
59.5838,98.5781
48.7722,-14.426
8.0569,61.5401
-54.7767,-3.3037
21.58,14.7133
-89.6367,-11.6826
54.8428,59.1036
29.6797,5.6655
-138.8289,20.9335
9.6485,-26.8504
34.8688,-3.0994
-57.019,16.3423
-32.7911,-26.5224
-135.1086,11.1623
-20.6132,26.9658
-27.604,21.2054
83.5587,-21.405
61.911,-56.9374
-18.51,-96.8486
60.7411,-93.4242
25.9641,-52.0018
-60.3735,-20.6346
27.2611,68.869
-53.1504,-47.5981
-41.6745,0.4749
8.0613,-31.2974
21.3351,22.9315
30.2965,-50.4248
119.6112,7.1132
91.1465,8.3057
-98.3756,-142.373
3.1274,26.6883
-66.6751,-41.6428
-57.4121,74.8757
36.9952,43.3981
27.2906,68.84
-3.2986,-30.4163
-47.5048,1.4955
77.1367,-58.3609
22.351,-74.5562
-17.291,92.2955
76.086,-4.669
-176.6252,102.9609
-160.2064,-24.3766
-65.2678,35.499
-175.5828,26.1414
94.3604,57.5815
-26.271,-58.3417
-9.2239,34.3231
12.1273,27.6582
30.4674,-14.3754
95.9888,-43.1049
27.889,29.2135
56.8294,66.2946
20.834,-22.4823
-92.638,-16.2465
93.9619,7.2825
-94.3582,-22.4719
68.7191,95.1624
74.1868,-116.3883
60.6328,-0.843
30.4082,77.0057
-14.6539,30.9153
-34.0291,50.1428
-15.8818,12.9404
-16.3094,-192.1755
-66.6824,-41.6433
-11.9165,12.5622
-26.9193,56.0426
9.0293,-16.1611
-88.3441,-28.7211
-77.4931,-137.5673
-13.7316,-28.0468
31.4802,-5.4442
95.3427,-34.5979
-21.1989,39.5707
-64.7412,-2.2598
18.5449,-35.2762
7.8969,-6.762
-5.4212,90.1781
0.1406,55.7272
12.976,33.1474
38.2085,49.5828
71.3546,37.1582
2.982,35.5503
16.7525,-26.3422
-0.4398,33.0557
67.2592,11.1655
-25.9282,-74.8706
76.7469,6.3611
62.7673,-21.1308
24.7853,3.9937
15.8942,68.0166
6.5235,-43.1381
22.5464,55.622
37.9218,-65.0601
42.141,8.7439
-130.4471,64.7153
109.4807,110.1142
-114.6306,-53.0342
60.3864,-112.4925
-4.9744,-66.8887
-82.6622,26.3433
-37.6298,-21.7336
44.0148,-16.7262
32.1376,18.549
-25.84,65.3674
-50.217,-9.2935
-58.637,18.0918
-9.2521,74.2098
-0.5179,65.7557
-36.7448,39.3884
47.8227,46.4779
70.622,3.2413
36.7488,-0.7852
-42.6207,-36.1707
64.213,-44.268
-186.7414,15.8819
0.6373,-73.2247
-36.7694,39.0683
125.0548,-25.8045
9.5918,-26.5275
-43.1913,-33.8149
-3.1578,-30.9552
37.3432,-30.647
24.8566,3.7556
-26.1541,86.3609
-15.2821,-12.8269
-19.5314,116.1756
-3.8063,35.2124
0.9553,-8.3013
1.7576,29.2188
-42.9344,42.0929
-43.1074,78.6354
-66.6019,48.1482
69.479,-62.7377
-49.141,134.7351
58.1862,46.7252
-70.2319,143.3764
-16.5234,95.8436
34.155,-8.8912
-159.9257,112.0059
-15.9473,5.4126
-39.276,-78.9524
63.9804,-10.385
74.6873,-17.3603
-25.5586,15.8879
1.6139,-62.218
-78.4909,42.211
7.0702,37.0435
78.157,52.5263
70.8583,14.7161
39.7457,0.4115
0.6152,-36.2904
70.5713,-88.2141
-44.4054,-26.2761
34.4556,-34.3898
-18.9506,-27.234
-45.8878,-36.2935
-4.8565,-62.9504
84.9564,-89.4472
24.0912,-4.6972
-67.0287,62.4734
-1.2263,69.5003
2.6295,48.2998
49.0959,-71.811
-81.5202,27.0086
43.814,-20.9426
80.2044,10.0496
45.1422,2.8156
24.721,78.1388
-4.7989,20.9938
-11.3455,73.3244
33.5977,52.9559
-4.9955,-4.1469
50.5603,-37.0172
-13.4895,45.2503
-67.1692,14.9274
64.632,10.8619
33.7415,-42.5705
-41.7059,55.5777
-32.0555,42.379
104.2323,-68.7387
32.8963,104.9872
-28.5274,44.1943
-45.0405,24.5558
8.2745,59.8852
-8.151,-74.119
-44.3249,-2.4865
-47.292,-59.4174
-20.8227,55.2117
91.1001,9.5299
18.8736,35.8455
-56.9002,10.2938
34.9098,48.9904
-2.0717,-37.9158
13.9796,-68.5894
-67.4996,53.1475
-42.7444,35.4465
100.6992,68.2338
84.2916,-61.3372
14.5264,-67.5582
-28.596,37.3825
51.5875,176.2223
8.8354,-81.2455
42.977,-54.8684
86.1013,12.7576
-39.2412,-20.5381
115.6804,-74.0545
54.8465,21.9124
56.3633,11.9882
6.6592,93.4948
-88.895,-57.2578
16.4645,-60.6131
38.7376,33.4274
-94.3555,-27.4614
-8.9649,-66.7943
-31.4164,-91.5481
39.5984,30.7797
-61.139,9.2028
-44.2121,-44.6582
-27.6092,8.4863
-58.2216,9.7896
31.5304,107.5288
51.1378,69.0537
39.1289,29.5074
-51.719,-17.7057
-63.6232,51.3801
46.9319,-39.3028
90.4091,-25.7415
-103.1439,-49.2794
-9.9296,-66.8547
20.7517,49.9191
-54.6831,69.0134
-44.2578,-44.7345
35.9843,-62.7588
15.067,-85.1944
76.3602,11.8214
-67.3893,62.932
68.5231,61.2759
31.2553,-51.949
-27.2154,42.9485
-18.8583,61.3603
16.4247,51.7502
-6.1311,-10.4389
56.2858,-9.0757
115.3903,23.3237
-28.1095,28.8246
-29.0209,-28.4931
10.6074,55.5747
-35.6048,14.8433
-28.8838,-25.6512
-40.2139,16.5062
40.8494,79.3036
-37.3544,-90.4771
-41.7481,48.2988
-20.6283,6.4752
-178.6905,-12.5469
-20.1153,2.9133
-89.0711,83.6176
-54.9697,50.9374
17.499,-41.3144
24.1645,6.299
8.3034,4.6307
-194.5674,-20.955
-19.6424,48.1246
19.3332,-37.9697
-37.1981,-77.8917
-48.3308,-66.5404
-38.1124,-38.6331
-37.7936,-0.9648
20.6034,39.3966
-55.5915,-71.461
1.3654,-50.7363
-7.5423,-5.3484
4.172,28.0431
2.2503,48.0193
-67.5285,-47.3009
51.7773,-89.3341
43.8488,33.6447
-32.5151,-44.437
-98.8192,49.2547
13.4794,61.9866
-56.2899,-109.0645
6.6289,23.5952
-25.5673,15.7784
-57.9849,21.6961
58.7166,-49.47
4.5545,-76.6512
12.1848,-62.5678
-59.9432,-44.9695
-64.4751,38.3133
24.24,-33.3574
24.8733,-38.1792
27.7213,22.4153
56.2817,-28.1377
-10.7103,39.2285
-64.1943,53.3352
-34.3786,-62.9456
63.7969,-50.8273
52.226,-53.0549
33.3317,4.3689
70.9484,-10.6782
71.5461,23.3397
11.1404,-10.9638
98.6613,95.9687
-4.9396,-66.8781
-72.2636,-0.1545
21.5455,-61.2414
34.311,90.7518
-54.9019,-3.2747
-52.2618,-62.3112
-21.4925,-43.2866
-32.8803,-71.7387
67.3975,-54.5322
82.4274,23.017
10.1376,9.3942
50.6074,-30.9951
13.0509,-10.1545
-11.0397,-32.1301
122.3606,45.9117
-17.4319,-21.727
-20.7197,32.9614
40.5451,45.8774
-8.3715,-0.208
21.2665,27.5793
5.0417,-14.246
52.599,81.3914
-10.2408,67.8058
-52.2535,5.1115
-30.2444,-76.2959
-32.9179,-20.1234
21.0486,-41.0511
-93.3169,-162.5199
17.811,-11.0117
-57.9779,21.695
-75.6895,16.3188
60.8239,20.778
15.7291,-17.3954
-34.1407,-28.3658
31.4857,-26.3241
28.376,-74.8991
-30.3696,-1.8686
-69.4598,9.8851
-52.631,-6.9236
4.5479,-76.6267
-74.6628,17.691
14.2912,-10.3657
-28.991,-76.1446
63.6132,-2.9251
-2.5201,52.7161
-78.3148,-23.888
91.3786,8.507
-26.468,2.5807
45.6184,47.4456
20.1603,64.6538
31.0177,-51.1779
-29.9469,-55.5952
-112.5828,22.6587
53.1146,-45.1512
-19.6624,-19.2727
10.9859,-55.8054
-66.5421,-37.335
68.3009,-5.676
17.0723,-29.2367
51.7958,-39.4021
79.5524,-29.4709
45.6235,51.5656
53.3307,58.3019
-37.6967,-0.1634
6.5152,-38.6489
-49.0765,56.6151
24.3182,56.5165
-59.0367,35.4793
24.3448,32.81
49.8042,-34.407
45.5399,13.8713
50.8724,-29.9631
-11.4227,-79.6236
81.0668,90.3173
54.9466,59.1498
-17.1993,-54.0054
89.2264,-47.8835
-30.8992,-34.9139
-107.8025,-23.4842
-78.8021,15.8479
90.8974,88.6249
58.2631,2.8085
-19.1583,-6.2857
-135.4134,-52.4554
-39.446,27.0265
96.1417,-3.155
47.5394,-46.8333
-44.5946,-10.8993
-66.3772,-58.69
-80.0629,22.4147
41.9108,-27.2177
26.2817,-28.8159
-4.1443,92.0726
-35.1282,69.9857
-144.9965,98.0247
32.3143,-15.9338
13.4767,-59.0189
57.6062,-82.145
-25.5789,-54.5121
-34.4081,-29.0283
-97.5387,50.5948
-9.8378,96.6229
-65.6121,161.0916
47.2359,-82.5779
-165.5833,-38.5065
52.4251,-159.8705
48.5801,21.3055
-57.3232,10.1241
41.2684,5.3041
31.4749,108.5157
13.3068,-61.9153
-95.4692,-7.7881
24.5106,-60.1903
24.0918,-45.5279
62.1651,21.5531
-15.5611,156.4464
21.1573,9.2715
-57.9095,-13.1404
49.6495,-45.9364
-30.5739,-74.2682
-43.6537,-15.6929
-29.0856,-63.5984
34.3416,-81.4489
-77.5123,-57.6235
-48.912,-66.3325
-41.6341,0.363
-65.9711,34.8925
-58.0425,-81.938
-25.4968,86.3679
14.8795,48.2125
36.4446,-1.2572
-68.7314,-46.3908
-63.8427,-14.3658
-42.6473,-39.7891
-17.3681,14.8392
-126.4856,-20.0148
-21.0839,41.6194
1.0272,37.5193
8.8653,45.7224
22.6008,-7.3783
-10.3552,62.4271
-18.9691,41.4275
2.997,-21.1371
-112.4095,-7.7538
-34.0229,1.6915
-24.7818,86.4417
12.0742,-15.3655
-29.8007,70.6138
-150.6969,-136.1639
-22.2929,79.7979
-22.0684,74.7384
81.3115,30.2609
-55.5631,-20.2388
-32.4824,-19.4195
-33.5474,-14.154
-65.9026,87.1438
-31.0931,45.3931
-40.2297,26.5278
-4.5456,-37.7553
-74.1171,-18.2906
72.6048,58.1384
-4.4744,-24.6469
94.1702,-93.3086
3.9166,-5.7552
-53.182,-47.6574
-54.8013,-70.644
96.2901,3.8432
-138.2254,-19.2423
-26.4045,18.925
-19.0592,63.6
70.6565,41.9742
-38.1489,35.124
-65.1657,-16.2441
-34.2299,-64.1642
1.1342,-32.3222
3.4593,50.0035
-15.482,40.5649
46.8481,47.8041
-18.3392,66.939
-19.0063,71.0067
-24.2589,-54.1247
-30.0852,70.3434
-146.2038,-32.6234
-76.5565,-57.3393
47.7676,33.1994
-59.6597,-15.4219
-87.3399,-27.5916
48.8001,-7.664
-154.1905,5.2983
-58.245,-81.8693
64.0899,30.3926
111.4674,-3.6909
-132.531,-74.246
-36.7505,61.0369
79.118,-10.2137
31.8826,-56.9982
-15.8079,-37.8625
6.3141,53.6418
-52.5429,0.8457
-37.3701,61.0782
84.694,-1.7785
68.3317,-63.58
8.6816,75.1208
17.2395,53.1738
-9.5022,49.0245
0.7454,5.7909
67.8916,-31.8235
98.2393,3.439
93.9115,16.1462
-21.9868,-47.8026
30.39,67.0826
-16.8269,8.745
-2.5002,11.9117
-53.4451,-70.7401
-63.8057,-14.3222
-40.219,26.4582
22.5796,55.5124
40.7525,-51.0443
72.2437,-38.433
29.5522,-38.2099
-59.3401,-11.7863
63.2769,28.1945
29.5416,-44.0457
-19.57,48.0786
81.9975,44.0256
78.4289,-11.2408
133.8361,73.6369
-44.9239,-28.9836
129.3157,127.0359
-3.1053,65.6918
58.8206,21.3685
-54.306,43.4402
33.7993,-22.8236
20.7561,39.8834
106.2146,127.7943
-2.077,-66.4985
-46.0269,42.9653
16.9358,-20.0698
28.809,-67.7199
-36.5256,38.2883
18.7822,-49.7589
-118.8529,142.7592
-23.7143,65.5192
22.8546,29.813
-0.2428,-81.4524
-19.2614,-10.2043
-87.0918,-44.4056
20.9896,-68.3547
-34.4702,50.6364
-97.4801,50.5916
-21.3993,90.43
9.5758,5.0725
-22.876,49.4278
-54.5278,43.9015
35.6324,-62.6731
-77.3874,47.971
48.8902,-15.6271
-17.6761,-27.1805
90.9089,-4.0888
12.9532,1.7728
42.4315,40.4608
-28.5088,37.3374
20.1126,56.3242
16.6891,-75.7015
85.9144,-34.6063
-6.0574,-45.3383
37.2497,-0.5151
57.2437,-39.0864
-54.4119,39.3874
23.594,6.5104
-30.4256,17.9689
11.5171,9.0561
-25.5844,-54.6323
-23.9754,44.3177
-1.3091,-21.4195
42.275,-0.1887
36.1369,49.0323
28.4181,52.772
57.2005,4.5647
-63.0363,36.3883
-74.3287,-49.9827
-53.6777,28.3077
14.6061,48.3848
-11.2012,-14.2479
54.83,11.6411
-47.1016,3.9708
47.6983,38.0342
43.1646,-42.6505
17.5954,31.0637
-65.5225,47.7575
-83.2565,24.4904
9.0153,75.384
3.4198,-18.712
72.0192,-23.1027
57.3491,65.986
-18.8208,-7.1174
-8.4427,68.8891
-34.5968,-63.0272
-56.9531,-48.4886
30.1919,72.7011
-77.4922,13.4358
-15.5481,-3.1409
-15.554,8.0803
-2.9592,-31.6868
-65.9165,-16.546
0.2923,-55.8171
-62.5541,43.7411
-55.7932,-83.2897
-64.1543,35.9194
-15.1352,41.3012
21.5211,-12.8902
-59.5207,-83.6197
6.7,70.6827
58.1955,46.7688
8.2921,-85.0475
39.6916,1.381
-2.2553,17.9784
13.3486,-32.9603
-36.8793,8.8653
62.6126,-31.3176
30.2699,160.4632
-25.2397,90.0692
-41.2533,-43.4385
-47.4425,-48.0788
26.6673,-65.9538
60.1903,-43.4534
-6.9901,0.2794
-27.7682,55.7254
-56.9304,-82.1866
-57.1739,65.5883
-79.0266,-24.923
81.4847,-9.9501
24.4322,56.0968
-77.0101,-4.3227
-86.7271,-108.3242
58.6983,-49.4641
95.2968,-28.6085
7.0195,23.0697
60.4879,-43.4616
-17.6395,-97.9739
31.1511,-105.5033
-72.3014,-33.6867
-83.708,150.1648
4.1905,-9.0049
-118.815,164.9674
-21.1604,-102.7547
-53.0226,-24.5068
-35.5446,87.9867
-19.3665,-82.5449
9.0754,-95.4465
50.9083,14.7341
5.1161,-54.5222
4.9052,57.4359
72.1911,-76.582
40.8267,-3.3105
-59.8721,-79.4766
-70.4083,-5.2616
33.7417,41.8246
3.7635,76.3231
-21.0585,-1.1712
170.2523,5.318
-67.304,55.0019
-80.1317,-58.7292
47.6186,46.734
72.0993,1.7267
-24.4846,-24.7965
25.7382,86.221
-74.5756,-19.9509
-15.6183,91.6817
-8.9196,-24.7833
-18.3383,67.015
-4.4173,28.2436
20.9289,-150.3336
62.3201,-29.9979
85.1467,-48.7949
-26.0624,36.3319
71.1575,38.9678
9.0442,4.8678
62.1918,-28.9618
23.483,65.6311
-11.5716,-39.3701
17.9589,63.9067
-42.4059,23.8409
-22.94,49.4456
42.5568,-51.7392
-82.8059,-40.309
-19.7336,34.4793
-38.3614,-27.6476
40.4998,-51.3566
7.5028,-83.46
-27.6833,-79.3632
33.9368,12.1834
7.137,37.0352
20.0387,7.092
52.6017,4.6078
-90.25,-13.8967
14.1029,60.5114
-65.585,56.4043
-10.2341,94.8501
-23.9284,31.7262
-47.7122,-65.6262
3.552,27.4576
-77.8589,73.5604
104.9925,141.7949
3.0446,9.8311
4.0935,40.8334
-56.9602,-48.4804
-42.4349,23.0172
52.7228,46.9637
-65.919,21.6726
-54.8974,34.6201
-54.4024,39.2025
-30.5654,2.9315
65.2842,25.5416
-3.8591,-72.929
-4.9694,-4.2048
-51.1099,-76.4281
-39.5642,84.9539
-28.5786,84.4104
86.8562,-48.2879
-37.2921,15.6392
-11.0878,-2.8862
25.2082,58.6159
40.6231,-3.7445
-54.4272,59.4074
-78.2524,46.8745
-72.1401,11.1825
82.1183,31.3032
-24.6784,2.9363
-33.9799,33.7139
-51.3719,-25.8991
31.2162,-45.1666
-84.381,-72.6404
31.6968,26.6725
-39.4663,154.307
31.3097,-52.1085
-0.0617,82.6606
0.2863,-10.4701
170.6021,-63.6295
-10.8329,-6.8784
-60.7602,33.1105
-37.1107,-46.8882
-35.8665,61.5204
-132.6873,35.0678
-20.5443,-60.6447
-47.4561,-28.425
-78.2676,41.2978
-24.7625,2.6991
-0.2599,-81.4827
38.779,-74.4802
70.9758,18.1291
-74.9691,16.7041
-64.5824,21.6936
-111.5692,45.316
67.7516,78.9658
106.0758,160.6527
13.0868,-51.8573
-26.8047,64.3606
2.3893,76.4286
-24.9734,10.6531
24.3176,9.9877
17.4157,-76.7414
23.7687,34.0958
14.9574,-70.8095
86.6796,38.7776
70.643,4.4478
5.9351,-26.1141
-68.0024,33.2838
13.1735,15.3964
59.0547,43.6894
28.6079,26.7518
-31.3157,-90.0361
37.8675,-57.9966
-9.7952,-42.4125
-15.0823,-41.4497
-72.368,-22.5325
-76.423,-20.0385
-70.7603,-36.6131
2.3288,63.8522
-37.4269,-59.9704
-26.7392,-30.0403
-81.5296,26.1957
87.3091,166.4189
17.1017,-80.2265
-63.2376,51.0674
90.3983,-81.9286
-42.3318,-21.7641
-9.8439,24.5367
86.8521,-48.308
104.7508,-16.1985
90.9251,-4.0681
55.9185,50.7122
-74.5385,18.2723
-20.13,2.9529
-70.3064,-33.9463
-4.2582,14.778
62.7691,5.808
26.141,69.1492
-24.7499,18.5727
5.0739,-14.6758
0.7325,-61.3269
-33.2979,14.845
-40.3858,61.2552
-75.3059,-46.2894
-78.7653,13.3443
-6.2043,52.5454
-80.6635,3.6199
58.5241,-11.6646
-12.4452,75.9394
67.7115,5.67
-12.789,88.2975
-49.6751,15.979
-42.9709,57.0335
-52.0716,-62.2268
-19.0141,-30.9195
51.5626,42.0883
34.2416,-5.0223
-9.6606,-56.7025
19.2998,16.9044
-30.588,15.9318
-66.2798,48.0965
-30.3842,66.3535
27.8984,0.3469
95.1285,81.2748
28.4813,-88.6137
84.6349,-35.4672
-1.6805,-93.3513
-42.5427,39.8851
45.8409,-53.0713
48.9072,42.4692
-11.5765,-20.5691
-15.6464,-56.6135
-16.8812,-52.8272
-49.0029,36.2874
-68.5529,-49.8602
-46.0941,64.8239
34.6117,-29.8089
0.2744,-67.9522
47.9297,-57.327
45.8848,-11.4019
18.8454,15.0174
27.5076,-85.1864
-30.111,-48.0356
-109.9951,-96.0421
84.0588,45.6672
-35.1049,-77.0034
74.9226,52.6158
-25.5169,65.4473
-28.9901,64.6969
94.9644,9.1691
-14.4474,30.9542
48.9503,70.9649
-13.28,45.5036
-53.9705,68.9076
4.0437,81.5088
-16.1901,-99.2974
42.8917,-47.2776
-10.1831,-44.7009
-22.7987,-49.1649
8.1491,20.8267
-36.2962,-71.0368
-10.871,68.9851
94.9662,-56.2342
-57.1988,65.5521
-80.7001,22.5513
-43.8475,80.2619
-11.2862,-21.5268
-51.0502,31.7846
33.6351,-59.241
-64.6362,49.2237
36.5895,73.7485
67.6258,78.9025
64.8579,-183.854
5.0425,-95.8557
-51.1041,-2.0395
-51.786,-52.2927
-28.8891,-25.2761
-54.0231,-87.4157
23.3643,18.3092
108.7948,-60.2666
-43.6761,1.4191
-69.2879,29.4371
-51.1092,7.7239
35.6409,-0.2562
-52.1435,-52.8076
-60.5987,-75.3629
-73.8071,-29.8156
-8.0382,-28.7045
-76.2055,15.9434
9.9735,9.4713
-34.5964,88.1182
-82.3484,30.6338
57.4607,-17.3384
32.6917,53.6678
-33.0475,-2.2211
-77.6372,-61.4327
-23.4134,89.2231
24.9147,-196.03
86.2972,19.7348
-39.9057,1.5868
-25.0013,-20.7493
-33.4697,-61.7258
45.5226,-0.9121
-62.5413,43.728
-61.2235,-61.7642
-67.8429,32.9298
77.7141,10.7858
-13.3168,-26.2717
-59.2689,-168.9162
-53.1957,-47.6268
-92.4081,35.6157
-34.1176,-6.0809
-5.0568,88.7715
-24.7783,-16.7613
61.7075,17.6043
21.5834,56.7791
-5.8973,18.2649
-30.2427,24.7243
-20.6083,26.9753
-30.4094,184.0212
77.6907,101.307
36.1114,40.6105
-46.2779,64.9833
84.7955,-1.6853
23.8318,-68.9326
85.9812,-35.0887
-36.1455,30.4784
-60.5775,-78.0606
-54.0249,51.5273
53.8051,-2.0432
-72.272,-0.1561
5.3944,41.9627
37.6688,19.9081
-41.7569,-31.1499
20.4778,26.6974
89.7433,-36.8181
59.6424,13.5626
63.3624,30.3171
38.6747,-74.429
44.1662,35.3639
-33.6567,-37.7832
-49.9539,-58.7387
-78.2912,42.018
-56.9399,-70.5138
38.4149,-9.8396
-69.6774,-41.8673
30.4504,17.458
-1.8952,65.7939
44.2982,-17.8578
19.5331,62.8943
106.5027,23.5345
-32.4818,-19.4129
-81.5448,117.0926
52.9013,67.9711
66.477,52.3143
84.7974,-8.9871
-41.5721,-31.0464
38.5092,28.833
38.3992,12.1891
-62.6011,-23.2128
-24.8864,-22.1857
69.7812,-5.1956
16.3229,51.7018
-6.8745,91.3942
6.7993,-30.6341
83.4109,-20.7072
56.7017,-70.3997
-9.4305,-45.9041
109.048,46.6432
28.7873,49.7135
-21.2289,-17.4815
104.0195,-43.8522
44.8157,5.2409
-43.1317,-128.1626
74.5475,29.3565
-10.0462,-86.0947
12.9495,62.3792
24.1313,-60.0802
-41.7987,-18.5984
-18.392,69.7466
-38.3914,4.0125
41.8938,4.5846
-1.112,-48.8256
0.3419,-56.2423
-91.5471,-15.0764
-38.0834,1.2087
64.4205,-36.8514
30.2293,-14.6012
-36.769,60.7677
7.7752,45.0798
34.6422,-42.7876
-3.6489,6.8643
143.3917,32.5093
-166.2535,44.3051
-2.8702,-77.0669
64.3564,-76.5727
19.6608,13.8584
-35.5781,-17.3001
-65.8005,-30.3618
7.6725,-11.6303
-36.6862,-42.9815
-21.7353,47.4781
15.8043,74.8892
-10.0429,95.767
-17.2823,14.695
56.576,-9.832
-182.5244,-67.8597
62.5216,-24.6661
-43.0595,50.3079
10.7213,39.9097
56.1613,-27.7212
-1.99,132.6639
-3.3355,-90.3491
31.3216,1.6048
-93.9176,-27.2753
24.332,1.4068
-48.8562,-70.2453
-42.8281,35.5487
-59.845,-22.1254
34.0136,-60.2437
72.5365,-11.7474
111.8891,-12.5992
2.5216,-57.4692
-10.4324,-80.449
13.3861,2.1135
-28.9215,-24.698
-5.8607,17.2442
-16.5101,94.372
44.6807,83.3083
88.696,28.793
35.8376,-54.232
-30.6304,3.0073
-4.5308,91.69
32.5239,59.937
7.5956,4.6793
-19.4149,-127.0352
66.174,32.6651
-20.0751,48.2036
-200.0197,59.3157
82.8693,44.6878
-43.5411,-52.0001
18.8098,-49.9455
45.0563,-1.1197
17.3924,48.2785
76.5026,11.8555
88.9461,121.8128
-85.9785,22.7344
47.5565,-194.7426
8.9402,-81.0715
30.3615,-43.812
-59.4416,27.7922
41.7803,4.6519
-1.8939,-66.3644
40.457,79.0599
-53.1884,150.2453
30.4352,77.05
-53.3682,45.4291
-56.2289,36.8922
-4.9193,-26.9754
17.1283,-101.4394
-86.6359,22.3514
-9.6481,34.4652
76.2231,-16.8406
-74.7536,-45.9065
66.3934,-10.6647
51.1084,-20.0577
-72.2601,-22.6104
-93.5398,2.4799
24.6688,-15.1066
-82.7292,-40.6552
-68.8096,-30.3982
-87.8486,-15.9586
-10.7136,68.0185
-2.4868,51.7817
12.254,23.6844
77.3774,-41.9898
-117.9691,103.9473
-69.4896,28.9989
40.4272,5.3323
84.9285,13.7934
34.6567,-54.9957
-90.3045,-12.314
-111.4433,-114.6125
48.0165,12.3131
-47.806,21.3346
151.8708,-91.1261
37.2649,11.4576
32.4091,-27.3937
42.2036,17.2502
17.6067,-19.8245
153.5514,-113.949
85.0009,-9.5628
32.9827,10.669
73.3241,-48.4742
-55.7403,-9.3424
-92.8321,-51.1077
34.9995,-19.6333
-7.2889,-38.8833
66.1869,0.993
54.8303,-78.6549
67.9121,-18.7617
-17.3607,55.4009
-44.2793,26.2918
81.5069,77.641
75.1453,-49.1605
73.8908,7.9904
-26.2793,-58.3414
58.0825,39.9282
61.2711,25.2602
6.8438,70.7332
-8.7548,-83.4012
64.3077,48.8994
53.964,-14.7069
-13.6634,-41.3312
-44.0111,-9.8688
-63.2714,-50.6728
81.0098,-74.577
20.7379,-68.2047
58.3329,46.7703
-50.2355,-9.3473
18.8237,60.2106
20.3097,-28.5109
-39.566,34.0858
25.3603,76.3238
-46.8963,-15.9241
54.6703,-14.3638
50.2364,-44.8924
44.5526,-29.2766
7.7578,-11.577
-48.6231,55.3849
34.1371,108.2664
-68.9897,52.9422
45.3741,-53.6515
34.2569,-42.6197
-58.2754,20.4638
44.2357,47.0452
-31.2069,79.584
-30.5239,44.685
45.3787,65.8448
30.9208,104.9021
7.7133,46.6251
63.2518,-70.5207
16.3471,72.2464
-18.5813,-61.0317
-31.8038,-8.759
8.0903,59.8935
12.1988,-38.1871
53.7349,-76.7735
14.485,-42.1267
24.6893,78.2265
-50.2237,-70.7952
20.3651,-3.6202
36.9288,73.9203
-62.4744,7.3302
6.4336,-62.5699
-28.3215,-23.7443
-25.7015,68.135
66.8304,1.3542
-92.9336,-30.4395
-51.0554,-10.7776
-49.0545,-27.8245
-23.385,60.8076
-18.5162,-53.8153
-64.2004,-50.1317
-43.9281,-9.5683
152.9658,94.7236
13.5713,-61.4842
-55.3116,-26.7922
40.1325,70.7509
-72.533,-41.3667
33.5211,-30.637
24.6582,-33.3536
-29.7205,18.7856
150.2811,24.3327
-41.0606,-6.4386
83.1838,30.234
-42.9139,50.306
-62.4992,-63.3215
-32.8034,53.8446
-35.0953,69.9836
49.3076,19.1966
-22.4053,89.616
-15.417,27.234
33.5049,-87.5367
131.2578,10.3076
78.7255,5.6529
-31.4384,-91.4892
98.5603,51.9935
4.5993,43.4635
-38.7854,33.468
16.14,37.2552
33.3575,13.7981
138.7385,-7.9901
-78.6619,-34.8917
-5.9409,4.1621
-28.8496,-68.3138
62.7758,4.0885
-67.2816,-55.8014
94.0895,23.8051
-63.8967,52.4468
95.2789,-28.5885
-5.6233,-61.2552
-46.1246,-51.4295
-59.888,-23.9004
82.1428,-11.7414
-61.4604,-2.3506
-52.4048,-37.7468
9.4851,30.0224
3.7624,70.3592
70.9981,-18.7631
-16.4349,-17.8101
-34.5116,88.157
-80.297,91.7799
-85.037,-0.7858
90.8728,10.1658
-92.8497,-1.2064
-26.2733,73.9053
15.7756,27.3681
-49.6334,-76.7283
26.5529,-66.9087
12.6355,33.7801
70.6282,4.3128
-46.7412,59.8559
30.9467,87.0224
-57.9778,-42.3511
-9.3399,28.8057
-19.2333,-82.1249
-42.8067,87.4919
55.9146,-23.188
-57.0081,-21.9171
7.3009,4.7159
73.9297,54.2138
-3.5684,-13.6233
-10.4888,-43.9011
-82.4669,29.7017
48.6399,21.4682
-27.9261,1.4799
38.1724,34.074
-17.3866,92.46
38.8116,-74.4898
67.1341,-19.4619
48.9381,-38.378
-71.2486,-30.0659
-49.0702,56.5805
10.4471,55.474
-10.6929,-6.8535
68.9574,18.5691
-42.6519,-13.4315
64.1608,-37.394
32.7017,64.4918
-29.0393,-26.8341
87.141,-123.5105
-57.5193,75.0829
72.5468,-26.2142
-10.323,-2.1252
71.1862,0.3388
6.6071,-5.6349
5.9498,9.6899
-73.8727,7.3919
1.2584,72.7051
-73.405,-30.6092
-67.7292,-37.742
19.9907,-3.3842
30.4602,-73.9373
-73.3249,-21.7406
40.6066,74.3532
-75.1372,104.6275
9.6185,-74.2659
63.8843,-39.2729
50.5391,-55.5317
45.4016,11.9421
6.9026,-69.4058
29.2313,82.5267
10.4189,75.5104
12.0526,63.2587
36.6664,-72.8664
186.1495,26.0187
-41.0925,-6.3825
115.9205,-32.5068
-39.706,85.3163
-59.411,-83.4769
70.6567,41.6223
-73.7694,-15.7944
73.3846,-2.7127
-10.0076,-61.0987
-25.4438,-62.7958
-73.5148,15.3267
52.4269,-91.8438
-18.9418,41.4267
64.4916,-39.2458
-38.3804,-35.7637
20.2225,46.5371
54.6619,52.7035
25.7571,86.2171
69.4937,47.1268
21.0211,-60.1647
27.4987,74.659
35.8606,79.8655
48.1947,-69.2177
-24.3265,1.1014
-15.7974,5.532
-54.4411,70.8334
-17.294,55.3626
8.4169,-2.6889
-82.0392,32.99
78.6591,35.1848
-24.6367,-21.6071
78.6154,-3.136
96.9556,-74.7331
94.6926,6.4085
-19.4147,-33.6856
37.276,-34.3097
-104.6554,35.9383
-60.6965,-11.2077
-18.3962,69.7102
47.0167,54.0616
-53.9389,-35.8661
-82.9179,-11.7444
-27.4364,-35.8503
-92.0588,-25.3665
72.8602,-18.318
-48.8043,36.1961
-11.345,-51.6112
12.0641,-125.4634
8.3914,20.2768
95.5286,-15.31
-92.5562,-93.1469
-97.9633,-20.6767
2.6011,3.6741
-27.1413,36.4937
105.2444,39.8193
-19.8131,56.0948
-42.6397,80.6975
-54.3919,69.0302
12.0493,-47.914
-12.3866,75.5367
17.0502,44.0445
25.6371,-44.2976
-34.4503,-63.2008
-153.4669,130.0728
-26.7234,71.9918
-51.1615,29.99
-35.636,-77.145
10.1791,-1.2065
-33.9919,-55.7953
40.1867,-86.5294
-64.7084,-2.2377
1.9086,-112.3622
-93.2047,1.2676
-59.4333,-53.8468
5.887,1.1311
-64.5766,-2.2673
-41.066,61.4537
-186.974,-43.1452
-44.249,-2.4483
-10.4614,64.8598
-1.1884,42.5418
34.2656,48.9907
57.8707,3.7173
-73.8356,-13.7958
-146.6854,-60.1638
-49.5003,-76.732
47.6799,29.9165
-7.1112,-45.7302
74.2423,53.6674
-61.7286,-28.8514
2.2656,-99.5116
76.4073,-5.2277
81.1547,-9.3476
-81.8731,26.4901
-80.8797,-50.5573
10.4256,-0.8642
73.7598,-2.4501
-11.0976,68.2697
19.1427,78.8076
-39.8899,30.8814
-46.776,59.7974
-47.2096,-59.4462
50.3789,50.2787
32.1993,-31.9115
-46.9169,3.2973
34.4078,82.6334
-51.4568,-11.2534
29.0842,82.8681
-1.5643,-4.397
99.7589,-9.2832
-50.8225,6.9366
69.2853,39.1725
1.287,-0.9618
149.583,-26.2504
42.4104,81.1308
-4.6378,-52.4348
-6.202,-1.1124
86.6911,-17.5864
-6.0534,-75.3846
-66.2638,44.8369
-10.7105,65.0924
-83.8736,24.3152
-24.8339,-11.1279
-19.38,62.0227
30.4272,76.9052
-16.0922,-11.9109
-38.0257,16.1506
-14.4295,170.4805
-6.556,-9.5143
-24.9141,-8.896
2.4334,35.8751
-116.7897,-76.8833
-65.0094,-8.2967
62.3202,9.412
-26.3593,-19.222
34.7095,-122.0383
-27.8568,55.7002
-13.7635,-28.1501
33.5435,50.0135
-82.6738,24.088
23.5768,10.9423
120.6912,-4.687
-32.932,35.4124
19.5279,181.9843
48.1407,-69.0468
28.3073,56.7227
28.6801,-29.226
-3.0464,12.7654
-32.9177,8.0443
-93.458,73.5036
110.1923,66.3527
24.5251,-33.3574
-2.6571,-18.9827
-47.7909,-32.7551
84.1104,-38.9613
47.5807,11.3259
-9.0905,-21.0837
-31.3818,-38.9001
26.6972,-16.8429
-42.7427,-13.0691
-52.3031,0.3409
3.2429,-18.3471
-88.7139,-48.2272
-9.9944,49.5097
80.9459,17.2134
-4.6911,15.4782
6.3655,32.8162
1.1928,29.9415
-33.5672,-52.037
146.3811,-133.2705
-11.8041,12.4833
56.5851,53.6913
37.7471,-25.3798
7.9672,-23.9289
-57.0862,-58.6537
182.8247,0.1751
81.8388,29.7424
-17.9768,93.6046
20.0439,-15.331
37.2674,-67.0593
-15.5164,-3.2989
34.2052,90.8783
-30.056,34.5476
71.2449,-62.9775
-16.5076,95.8436
32.8485,-49.566
18.3832,-0.86
34.2619,-34.2632
106.0894,-106.923
23.0025,9.8341
-7.2331,2.6912
-49.9369,19.5009
-46.3369,20.6523
9.0323,100.0492
-112.9338,23.2841
-113.0765,23.1851
-18.6428,-8.4164
-36.1317,26.3249
-21.099,21.6794
-56.8448,66.0841
-66.9474,57.0411
13.5832,-18.9018
-125.0173,91.5232
-82.1957,31.9804
6.0077,9.6853
16.2269,72.2251
77.2333,21.1162
-67.8262,-25.1069
71.6381,53.2292
-207.0799,-35.7412
-10.9667,-90.9534
-33.7548,46.1351
55.1477,-34.562
-18.623,-61.0079
-90.616,-50.037
-2.9389,-77.1202
69.3005,-59.321
31.0755,-69.5865
65.4609,-10.6579
89.1304,-6.707
-1.263,42.4916
59.4693,21.2413
-55.8064,-9.4474
53.0681,23.9744
37.9175,83.6581
-28.2562,28.6385
29.0845,67.6781
30.8,25.6803
-25.9583,-9.451
-48.4145,-40.0872
49.3741,4.0952
-5.3102,89.7107
61.7509,70.6463
34.9018,-58.3272
-17.8522,-14.5232
59.4111,21.2431
57.1181,-17.0646
-61.2643,-45.1073
33.4665,4.0265
45.9766,61.3125
-22.3277,-48.2775
23.0248,-29.0178
8.2279,43.8616
-66.7444,-83.3113
31.6495,109.3945
-10.9922,2.397
-4.4489,-52.0617
0.4847,20.7753
-4.9795,34.6085
-26.3045,43.6868
-0.0172,-43.4515
78.9793,-28.7785
10.2739,-24.65
-60.0915,-27.8766
66.0286,34.6184
48.8737,-15.3308
-41.6216,-60.3292
29.9165,-50.1681
-93.4136,-26.6726
-1.3494,37.9289
-52.8988,-3.3606
0.6731,39.3104
-75.7118,-57.8666
27.8693,-64.7253
-35.252,-54.5946
68.07,-0.1118
-14.3532,-34.7037
135.6379,-109.6525
48.9014,-32.937
13.2597,32.6459
37.495,6.8719
-10.9283,-90.9857
19.5971,-54.3243
-98.411,-2.6021
36.0327,-22.9285
-20.1851,-31.2052
-123.6133,-31.2835
-27.6201,-35.6514
-3.2299,-49.7352
-15.7519,93.5755
84.0861,-38.9467
2.7343,-57.3745
-79.6025,-25.7597
-82.311,26.4158
52.8561,-56.5815
-64.745,19.3754
14.1999,45.5373
34.0514,-63.3614
-166.9256,8.5423
-48.6248,-71.4997
11.7544,-33.2165
16.5142,-75.5911
-80.3269,-58.8159
98.0071,-166.9728
-52.4738,-3.1857
-10.2854,-59.4485
-12.8672,-17.2253
34.1994,-26.6861
-54.2015,-70.7666
40.825,87.3203
19.7937,-6.3722
136.0069,61.1472
36.2034,24.8093
6.7678,-95.859
146.3054,-41.0198
-50.946,31.1889
69.5743,26.173
24.4846,15.8047
-69.8263,34.472
33.9652,46.4954
57.099,35.7295
18.2524,-65.3683
-62.2521,-63.4283
30.032,34.5511
92.062,-109.7645
-20.7531,6.2256
51.0659,8.3624
12.1104,-47.9101
-16.1675,-103.0297
-59.9304,-23.7043
17.1403,91.7901
28.2532,-54.8358
8.1347,-24.5359
50.016,63.7885
-92.8338,-1.1262
-51.4677,-35.204
28.9443,14.4855
-10.5453,39.2016
-63.0829,-46.0128
7.5963,-42.6999
-37.1499,15.5621
-38.9709,52.7223
17.947,31.0909
-1.9441,-49.1415
20.535,29.3707
50.8334,14.9474
57.782,-11.6587
57.2955,4.5669
-64.8922,19.5544
29.4995,-28.2889
1.2283,-61.9981
75.2922,-48.916
68.7039,103.8783
95.8492,111.8441
43.7507,-41.1786
-54.6671,49.9573
40.7184,-32.4658
68.3473,38.1043
-19.196,-10.6257
49.8591,21.0024
-38.6277,3.9152
41.5145,64.187
52.6812,36.601
48.0029,35.0371
61.5729,-14.9065
20.2236,-28.2819
-2.4241,65.8414
-41.174,32.7718
-76.7344,-65.1722
18.7084,-24.4806
-19.5864,-66.8093
-9.1931,8.1697
55.2316,11.6715
-74.5035,-64.1412
-48.914,-76.7424
5.2184,-34.6564
-9.1947,-34.2993
65.9345,-49.2826
-50.3285,52.7021
17.0336,-0.3639
70.3287,17.5915
-6.3166,91.061
43.4035,-41.442
-8.4831,-83.7913
65.7415,-10.7097
-59.8471,-33.3672
-4.9967,-4.1567
28.0964,28.6726
-42.0212,50.292
17.0833,45.2493
-40.6321,-79.6664
54.8544,18.1696
-82.0524,32.817
1.0156,-0.7357
41.341,5.9115
56.5864,137.4524
-24.1636,89.9145
6.7112,53.6115
84.5737,-19.8709
16.9965,-72.0964
-82.3048,31.0313
-51.1368,-28.596
-42.82,-13.1935
44.6888,-74.0725
65.2836,-13.4859
-59.426,-53.8438
40.4901,12.6083
69.5679,25.9834
3.1794,76.3794
53.1638,67.661
-17.0728,-38.0245
68.6892,-8.7105
27.5441,-59.3035
-11.0196,2.4071
85.4696,62.8783
-6.6058,33.0252
40.5446,56.8703
65.3018,-35.7764
26.6212,-16.7766
-15.6476,-56.6036
48.6188,38.5402
7.1889,28.7297
35.9573,49.015
29.1116,53.589
16.0019,67.0971
-78.6757,-6.8164
84.7619,-68.2409
-36.8533,37.8645
60.8472,-53.39
24.2358,92.7596
52.8068,43.5136
57.5079,-41.3148
4.1523,81.3755
87.7274,51.1143
-59.5066,-15.2441
6.4743,23.7705
8.6846,-34.9203
-19.1637,-10.6842
47.9151,33.7424
-56.8783,-13.2939
-29.1678,-23.9399
-16.3745,-37.8851
45.8265,-48.0556
-82.3374,30.7136
52.6695,36.5936
87.1009,48.6812
81.1732,-20.9444
36.3143,-15.3298
-5.9672,-60.2972
-14.6876,92.3921
12.5863,62.8037
0.4165,-68.1917
-12.2532,52.5244
-42.6876,-40.0105
13.3549,32.4133
71.2173,-37.724
57.7612,11.3018
-52.0231,-2.8936
14.0132,18.9192
67.015,3.6049
22.7137,62.2232
-27.1116,-9.9218
54.8239,18.3602
-82.0031,33.2774
-62.5178,23.3416
59.7227,13.5273
123.8316,-40.9792
78.4054,-11.3025
-34.8568,-46.9958
70.2244,-21.7455
-3.4543,150.0055
36.3894,63.9336
26.0219,-85.3253
-44.5048,30.3909
67.4748,11.2321
-42.3789,-30.5868
-69.8614,40.5252
-42.3279,22.6399
-27.2009,43.0151
32.3417,-5.0013
15.8405,-47.6655
9.0611,79.6392
-36.3946,-70.9986
27.9731,-17.8207
-30.7113,166.4377
-30.4337,22.8773
-35.7505,-12.4137
-38.7498,4.0387
57.8516,7.0983
-21.1065,41.6551
39.8765,7.3754
26.9944,74.9491
-29.0879,-76.1757
-59.9502,-33.017
-25.9941,-178.5317
10.6455,-49.3996
68.7589,38.5461
35.6501,78.5508
11.1289,-54.777
36.1411,40.5823
58.7631,35.6455
-23.4107,60.5966
-76.6782,-65.1016
-54.9751,-13.3531
-57.0139,-61.3954
44.7212,81.8808
69.7527,-13.9232
78.5358,15.0506
8.0833,64.2214
17.099,71.0229
-21.521,-47.3814
-1.2913,27.5906
-66.3199,59.838
29.048,-67.9015
28.5096,-19.7936
44.2109,-21.8947
66.0947,24.4075
55.5785,-22.7566
23.319,-5.602
-21.5964,31.3004
-50.825,-28.6305
-26.8934,36.3667
61.5667,-14.703
44.6063,-61.5701
31.716,-5.0687
6.3254,-62.4612
70.6851,18.7998
-78.1578,40.334
2.3009,63.8387
34.0466,46.4803
28.8401,49.8204
-29.2845,-16.2935
-14.958,7.9925
28.5428,52.9189
45.6611,51.3624
57.1649,16.9577
22.746,-33.3581
57.3196,-39.4751
-39.5857,-14.9593
-18.0044,-8.6971
-66.268,44.8281
-16.7138,48.9364
-202.66,38.1259
57.1849,35.7331
58.5506,6.6238
-89.8827,-13.7581
-51.1335,-24.7097
77.8064,10.6847
44.4061,-21.8895
-3.1264,-58.2612
-4.6245,-26.5348
44.4933,-38.5726
20.5573,-41.4437
6.6607,93.5308
27.9908,33.9072
-5.1196,89.0811
5.5287,79.7731
5.7459,-30.2745
43.5535,-20.5714
-65.068,19.6969
-51.4015,-70.5805
9.9713,-24.8831
-147.8514,48.5006
50.7551,28.6248
-24.787,89.9984
89.8612,-36.8758
64.9796,-36.1453
-13.7149,78.034
-78.9069,13.3824
43.1788,-43.1212
23.7695,34.0175
-35.7856,74.3675
40.6326,56.647
38.4776,22.4652
76.2913,-50.3855
0.8223,36.8065
158.6663,13.1797
16.0443,66.7665
-6.6331,44.9987
9.9876,-44.4539
-76.3859,1.3065
-9.673,94.3383
3.8332,66.0686
29.1203,73.6958
27.4917,63.5222
17.553,64.4959
-26.7561,-30.0092
9.0728,29.9654
5.1147,41.8422
75.5845,6.9532
93.0606,-25.0506
79.7584,-28.4943
-54.9583,-0.5335
66.8256,42.9449
35.128,57.1272
31.5355,-19.5389
127.5602,-12.6801
87.7395,51.0392
-184.2108,-85.4942
-40.3171,8.5048
-64.7376,-23.7018
96.8054,31.6097
14.2598,28.5164
27.2426,-24.5581
-38.476,123.9178
73.6632,-77.6939
32.9582,53.9194
-52.4168,-37.6986
25.4397,76.0084
-75.6492,-120.9415
-40.5634,87.8198
60.7459,46.1152
32.3549,86.8044
36.8391,90.4158
75.6152,-17.037
-54.3995,39.5438
70.3222,15.1681
81.4406,27.7505
-47.3509,-4.7689
1.0753,59.2077
24.7696,77.7963
-68.5859,14.9051
-3.5913,6.9031
-31.1232,-75.7594
-19.5752,-19.3425
-3.8523,14.0879
-114.1707,-160.1462
34.6768,110.2899
-62.2068,-73.9357
-37.3468,-42.2036
152.5938,46.497
89.1474,-6.7071
-3.9889,-73.0577
-112.7325,23.296
-42.8513,-41.422
-19.7652,-54.0102
-29.9064,84.0222
-4.9154,21.1843
70.7778,41.614
10.0164,-57.5333
27.9414,22.3974
-67.1794,14.9359
-1.6813,98.2524
-161.0851,30.278
-77.0789,48.4863
-30.5597,-23.4949
28.5699,73.9257
29.1867,14.6695
55.9983,-34.3586
108.5046,-35.783
42.0745,-27.8262
-26.6814,-54.6444
-20.5119,33.18
48.8399,-14.7051
-10.3729,-46.6465
39.9227,-28.0905
-47.1128,-12.6822
-62.756,-63.0362
72.2461,-76.6
-41.1728,65.7764
-28.5228,-41.895
-21.8945,74.0891
88.6301,28.8081
47.0484,-99.697
38.7709,12.2117
61.916,-87.4416
-60.4728,-74.8968
61.2415,-50.9628
-60.2438,-21.0018
62.1797,-21.769
35.1757,-39.6935
-89.8041,56.6652
104.6624,55.7803
43.8887,42.6728
-57.0155,-5.5082
77.1479,-36.7671
8.6087,-94.4519
85.7857,19.8212
-7.5189,-16.9717
23.0966,-43.7993
-63.1342,-13.6116
49.4139,-33.9538
-3.104,71.6028
-64.3556,3.6739
8.1778,-64.2491
-66.6701,34.3567
-58.8588,18.7723
-59.982,16.3243
-18.9663,-81.261
3.338,-1.7178
30.3441,44.559
-0.2484,29.7074
-20.0924,9.1776
29.7744,26.1464
-42.3437,2.5665
-67.2638,3.1519
62.6794,44.3025
-7.182,2.0217
-74.4774,-64.1491
-4.6732,-52.7723
-64.0124,-16.278
-23.828,18.5256
21.3218,-62.3255
-15.2957,-0.2607
-24.3836,40.4217
0.1983,-15.0801
-72.5382,-32.325
25.2479,26.6871
-45.5762,22.2998
33.1183,108.1605
13.3766,-59.0265
21.5239,14.6558
14.203,-70.5849
-59.5248,15.4674
4.9828,-95.8635
34.2451,-81.4763
-41.4909,83.8459
-25.1614,27.3097
-29.5956,70.739
-90.5499,-49.9768
36.0479,-22.8648
-21.2541,21.746
57.695,-72.0335
12.3392,23.7398
-65.6786,60.6871
53.7943,-76.8906
-2.8062,-0.2998
-16.4786,43.7917
-57.5899,75.1852
-45.9923,8.5467
-68.5428,21.5916
13.0758,-16.8497
-16.2259,35.6502
-56.1733,-133.1417
49.4026,-41.4044
-84.6187,-26.2738
15.0661,88.3037
14.8492,37.3556
4.012,-1.5341
-77.766,-24.2798
41.035,24.6614
-73.6591,15.6726
76.3847,-50.4788
-35.3477,-23.4396
-92.485,9.7436
-18.6476,-61.0138
6.4832,-83.4032
61.5772,24.7551
68.6169,79.5787
-38.6093,-8.7566
61.8249,70.2846
110.3401,96.9245
-18.1699,-69.7403
-45.8651,81.0996
49.6258,-59.4788
34.4641,82.7098
33.9057,56.0831
-92.4195,35.619
31.2874,44.1838
8.1316,62.4169
62.3175,20.5707
75.7974,51.6463
55.7188,-23.1478
45.9883,-5.6779
-32.0888,42.3591
15.7056,-95.8301
65.1847,25.727
-5.1508,-18.1268
30.0795,-84.6326
81.205,43.4275
-34.8364,-9.6018
17.4748,-66.7127
-64.9664,-8.32
59.8603,-2.9996
-24.3095,52.5271
18.3858,-43.9883
53.6212,-1.124
26.7475,-171.0725
-39.9188,26.6168
-9.3394,8.1015
40.4004,45.8387
-54.7448,68.8164
44.3381,31.2717
27.0566,64.9842
8.7875,75.2275
-20.141,-43.9184
63.7265,49.0012
54.633,-3.3879
37.3689,74.1967
-14.8059,-29.2572
-1.341,27.7431
6.8162,-96.0367
-24.7604,-31.9079
-1.9551,69.3441
13.6952,79.873
-26.1364,10.7234
-42.0832,24.8637
-30.2158,18.1887
-44.4174,-51.7478
-72.3244,10.7212
21.2829,28.1709
-38.5058,-28.9692
-33.375,-37.2367
-3.8902,-35.8109
-25.5427,-62.8295
-59.747,-22.2734
-60.2257,-32.1255
75.1866,-36.8125
52.5338,-87.5329
5.0883,-26.7006
-37.4626,-60.1508
73.5122,-48.4335
-26.2041,10.7146
-43.1738,41.8267
18.2088,-66.5652
91.0623,-25.5949
22.3268,-7.5958
103.2849,-2.03
-67.5027,53.5537
-19.3488,61.9101
-56.0406,37.2772
40.3493,74.354
-62.983,-2.4998
8.0914,20.9521
-19.6196,-30.965
-30.4102,92.8006
10.3572,48.9134
7.3717,-99.6791
-4.7531,49.7029
-56.7607,-5.3285
19.3557,14.0788
-16.6023,96.2661
-10.6158,39.227
-51.6245,41.9307
2.425,47.2946
16.9353,91.4465
-31.4695,-90.1789
23.6664,-38.5436
-33.6488,-30.5141
34.5413,8.2766
30.2782,-2.9667
126.1002,-86.7812
41.5159,64.1793
59.6432,52.093
31.4662,44.0416
-62.7607,-78.2303
150.2435,-12.2895
-85.7358,-20.6227
4.7806,-43.7838
44.7121,32.7074
72.5389,18.505
-94.5154,-32.8894
31.0997,-44.9602
58.2793,29.4488
41.06,24.6585
-7.2869,42.7415
25.7105,-10.6816
64.8752,-47.4661
44.4484,47.1161
-17.4434,18.6682
-43.6633,57.0835
68.3303,-5.7229
48.7973,10.67
16.984,-96.9794
17.0427,44.9058
-15.5787,-8.7459
26.7264,-11.6226
11.1971,-17.6228
36.7544,-49.1324
-52.0077,-13.7541
19.7912,-12.1285
10.2465,82.302
-80.7371,-51.1865
-86.5099,22.4231
-92.611,-30.835
24.7081,-14.2966
-29.1975,63.4402
92.4276,41.5902
-46.601,45.8927
102.9312,-29.6451
-17.3489,-21.7114
-46.5485,65.2724
-6.5353,-9.0937
-41.552,-31.9314
47.2095,-32.0086
-43.2967,60.8414
-39.8782,-7.398
-35.679,21.931
41.2245,-19.7365
-7.7736,-37.0588
-50.9047,-58.8192
-37.8752,-1.5302
70.7375,7.9568
-67.5521,-21.501
29.9591,5.4274
-84.6652,-39.1316
147.5051,74.7951
42.5715,-60.5439
51.154,32.0505
13.7069,-68.6747
-15.6392,-56.6301
-39.6099,-18.1232
-21.0868,54.9955
82.1906,16.8742
60.7763,46.163
-0.9186,-66.4356
-9.4538,86.111
-21.2749,-68.4804
-50.1254,19.5401
58.0835,40.037
-31.581,-10.2509
-19.5189,-163.8471
-16.0187,91.8149
38.269,35.254
-53.81,-12.8058
-32.9245,-71.3961
-80.9146,-50.5834
-76.255,-61.138
5.2201,-34.5171
9.8589,48.4016
-133.289,131.4435
-41.7752,-59.891
-21.8254,46.7367
-16.6996,-52.5665
14.718,6.8118
-35.3615,-21.4625
-25.3283,18.6397
-3.5315,6.9621
-25.505,27.6682
72.9551,-2.8378
-40.633,87.7457
53.3834,67.5334
-4.7123,-73.4612
13.436,24.4738
-1.6043,38.1757
28.351,-85.1416
-51.2798,-45.3959
10.4207,37.8747
-14.2812,51.1803
106.0309,-84.3845
52.1447,4.1344
63.9268,19.2079
-9.1986,56.2748
19.0097,-73.3814
-7.0772,71.8852
22.4913,29.8595
-29.3625,-69.2231
-5.9161,-60.4425
24.3194,35.5369
-178.5845,1.5539
-41.2325,34.1899
36.0169,108.1208
12.125,39.4567
-74.4206,16.6074
80.187,-21.2054
47.5024,81.8372
128.285,35.8547
13.489,-61.6374
-53.1323,45.6299
34.919,4.0522
6.2519,-25.3581
23.6273,-51.4109
-121.128,7.0156
39.8033,-46.8359
3.5988,27.5356
17.0366,-31.3483
-19.6063,-22.8361
72.8365,-25.6219
-19.9019,-54.1429
62.3053,24.4867
22.2029,-21.8121
23.7249,12.5702
39.2615,31.3349
7.0941,37.0289
-23.1645,-5.5992
36.3931,52.7732
64.0729,-17.652
-55.9194,-4.5941
40.9452,-65.5029
52.0779,42.7071
-41.6946,28.4922
-15.3838,40.8089
34.177,16.2676
2.5106,47.0129
-67.419,-45.0429
29.1653,67.6865
64.7833,48.7872
-6.8341,45.1191
58.3916,29.5869
66.1768,32.9174
-15.4131,27.2534
-18.3006,32.7362
-79.8846,-58.7532
-42.3128,-58.2186
44.0392,-29.4096
-8.2678,-49.3285
-88.7781,-48.2946
45.9995,-51.4343
0.0882,49.7181
-29.2527,-15.5922
-67.4728,-1.7427
-29.9143,-113.3403
-48.6234,55.1269
68.8295,38.6776
39.0119,85.7577
-39.3123,52.8045
29.5,-38.1993
-37.1929,-21.8053
-68.5355,-60.3808
-12.7253,31.2195
67.2939,39.503
155.8593,0.021
-89.7282,-11.7905
-5.1484,89.2352
5.5582,-68.4558
113.1409,-43.6506
1.781,17.7739
46.7106,47.574
60.2964,58.511
-95.0888,-13.1099
-21.7407,-38.5412
6.1904,-25.6871
38.3605,45.8222
90.5176,-25.7156
43.4057,42.5755
-59.539,-66.7593
22.6022,-16.1278
13.9327,-19.5384
60.6231,-6.2879
53.8132,8.6299
31.9344,51.5585
31.3895,-58.5976
-67.8004,33.1681
75.7964,51.6367
-21.3246,-17.3462
-37.8935,52.2599
81.3375,-8.97
12.8135,78.4893
1.4298,-12.3977
66.5311,14.6913
-39.9924,53.6029
69.4575,-28.135
42.7987,-60.6514
-56.3306,-80.8884
-9.6154,-73.4358
26.7141,-66.0689
-23.5788,88.197
11.4108,-6.7576
-115.4393,-40.8055
20.5331,31.3283
-37.4673,-89.5311
-10.2059,-15.0026
88.8161,21.3023
20.5085,38.8581
-43.5569,80.1789
-119.1603,-141.0089
-20.0612,56.0201
-41.6327,10.8003
49.6899,-45.8153
47.9094,-57.35
5.0945,76.8987
-40.3023,8.668
-55.1646,27.7331
46.7673,-0.2664
27.3909,-85.2008
-6.4556,-71.6475
27.1811,-18.9337
3.2083,15.9069
39.2581,-33.4634
-11.4293,-51.4191
-12.4028,6.1714
49.9846,3.8851
-54.4328,59.4123
169.1023,-12.0849
21.0848,-33.5071
46.2641,10.394
37.2775,4.0169
53.1481,67.486
0.6065,-11.3962
-33.2655,-20.6258
-4.6613,49.9666
-36.5046,-88.8325
26.6787,-47.7492
-32.9747,25.1301
-11.3463,-61.4402
38.5193,-38.6973
55.2823,-3.2328
9.8415,-40.7038
-53.1181,23.8291
17.8707,-77.6047
40.0129,-62.669
17.1051,-76.1257
35.2371,83.6731
70.0527,-65.1156
29.8293,26.2509
17.7612,-44.6295
-20.3238,-93.8364
-15.0291,41.4722
-99.4668,-7.4057
31.9497,10.9312
-22.1337,21.9034
45.2268,-2.8231
-24.9534,44.0014
30.7436,86.903
-30.5866,23.0256
41.1772,79.6014
84.3599,-40.7373
-69.8697,40.4916
-14.2279,-41.4111
80.054,10.1055
-20.3005,-93.8705
-133.2742,77.034
32.3869,107.5667
-26.5379,72.0229
-34.3387,88.1877
46.5937,37.9347
65.6316,-42.4834
62.4253,-3.66
11.6158,1.1017
47.8594,33.296
-57.2317,-14.5782
-34.0651,33.8066
25.2363,58.583
65.9445,0.8929
-40.2728,8.6038
10.2861,-13.1587
46.1624,38.3507
-21.0704,-1.2423
20.691,33.554
20.7635,49.9174
39.9066,70.743
45.1504,26.5205
55.2743,50.4657
23.554,-6.6672
36.2806,-53.7921
105.3451,-94.9757
67.4322,-30.2051
2.8256,26.186
54.3199,-3.2274
-2.3774,51.9395
39.2642,-33.4796
-55.3181,0.0164
-3.3598,-30.1338
53.0647,-31.0692
21.6843,-24.4428
-2.3343,118.7692
-37.8739,0.8068
-63.5362,51.1515
-3.0814,3.4643
-21.0036,-5.3114
57.4235,47.293
-27.4455,63.6661
51.848,33
21.6479,56.5424
-11.551,19.6411
27.8987,102.9487
-59.6572,-33.5346
-171.1448,-53.5426
8.2618,44.3948
-55.9702,32.4641
-20.6324,-60.6321
40.177,-46.5791
-35.9299,-62.5291
-112.4843,22.7831
20.3895,31.2274
38.1163,-95.183
-25.7999,-74.8024
60.3334,-2.9286
30.9903,87.0037
-47.8595,-32.2761
47.8549,6.2005
54.152,-59.9789
-92.381,9.8049
16.8587,35.3738
-82.143,32.1446
-4.1636,-43.6518
77.0542,55.646
-52.8315,-36.419
67.3547,-53.5984
21.3412,-42.9403
23.116,-48.3544
71.9889,25.6853
-29.8415,-55.5839
35.6608,-46.4519
17.2308,53.1597
33.8484,-12.3891
49.5253,-46.0023
-12.008,12.6279
89.5765,17.6764
8.2725,20.0986
124.6074,106.5477
-10.3716,62.3461
-26.4505,2.669
-68.2188,32.0498
-59.8231,-5.8878
64.9045,5.9104
-30.1058,-74.228
-18.1811,-69.7425
-13.8417,-33.8404
-39.3386,-78.9059
-32.4345,-90.2795
-64.6068,38.134
-71.9671,37.9222
-59.0467,35.4687
16.2578,90.2479
10.6944,34.4637
-34.6089,-54.7776
-2.3214,-40.4326
-50.877,-29.0859
45.2221,59.0584
-37.2893,-42.2602
75.6862,25.5891
6.3965,89.9007
-10.7196,37.367
-8.9806,24.4687
-98.8732,146.3954
-56.856,66.0931
67.7823,-8.1531
57.474,-40.3042
31.7206,-20.1815
21.3004,-33.4258
-60.8949,4.0961
11.4897,0.9937
-138.0687,113.2835
11.3951,49.7279
19.7105,13.4236
25.3415,69.8559
-19.8016,9.9635
40.1853,-86.5206
-0.3179,33.4434
-36.8316,8.8665
-44.6835,-12.7241
-37.7067,15.9221
-45.0436,-2.7155
23.883,71.7299
63.9911,-37.9049
-34.224,-21.4859
-14.0417,-13.0774
120.7474,29.6268
61.0574,-52.5899
-7.2547,1.5073
71.4061,-27.8662
5.5208,-68.6778
17.8506,16.4912
66.1899,52.2373
2.5528,-17.7149
76.7149,143.6401
50.6824,-28.762
-34.5094,23.7138
-35.4376,-21.4143
6.5877,23.6716
-46.8618,8.1907
14.8239,-2.6947
65.0771,5.8647
-12.6334,-8.0206
-20.1663,0.5343
81.5301,17.6568
24.8502,-4.4523
-10.364,-39.6678
-9.3953,-61.1955
-13.0011,-41.2131
28.7507,83.9685
23.0552,-53.4871
-21.0439,-5.0486
14.3921,28.5223
41.1328,-19.6954
-18.2651,-44.3793
-5.4861,-74.0555
83.6339,-2.4027
138.6566,-77.1089
37.7149,-54.578
-57.4419,21.842
55.6326,25.9483
82.479,-30.477
-0.192,-87.9886
45.5388,51.741
-17.359,18.5877
-76.3158,-20.0166
-51.2433,-26.3132
-55.3448,-26.8069
-17.7733,98.6747
-41.5307,84.167
-9.3059,28.7952
1.6727,-1.211
-47.6613,6.445
43.7803,-176.3234
44.6102,-81.3357
31.6631,106.8669
15.1688,47.8988
-25.7893,-69.2867
36.4225,77.7312
-17.9364,19.7838
27.6732,47.2884
8.6887,20.0262
-167.3615,81.8644
32.3692,82.9548
-58.1325,4.2478
39.8256,60.03
-31.3098,-1.4814
-14.0358,20.1532
18.8218,72.4666
11.7465,70.3727
44.5886,81.9545
8.7578,-86.0696
-64.979,-8.3048
-22.9365,-49.5445
29.8988,-34.9246
75.6596,-129.3479
-21.3308,9.5008
-51.5635,36.0439
-21.4393,73.4895
-103.2188,-38.3889
28.1262,26.6749
-84.2352,-12.6055
-13.1697,77.646
-142.7564,0.87
-50.0342,-70.5871
66.2721,-49.9033
-60.3052,-74.1935
13.2827,-52.277
57.7119,-24.273
-85.2439,-24.4797
23.5983,-51.4642
-6.2145,52.5645
64.1795,128.7739
21.6437,-24.1678
6.1818,-67.3379
71.8234,53.2771
-82.2421,-9.732
50.0286,63.8165
15.7865,-95.8495
-197.6111,-57.0927
14.1082,45.8805
60.0683,-43.138
67.1276,11.1157
20.0008,56.3057
69.1486,-27.5492
-46.6371,-19.9274
14.9439,-6.316
35.1681,57.1329
21.2481,-11.8729
68.6254,-8.7106
-68.6827,30.8611
40.5681,40.5307
-8.1782,-84.0492
68.8239,-22.5371
-76.6837,-61.3013
68.7695,61.3066
-84.219,-27.1647
-75.6773,126.7248
-5.6343,-108.996
94.8677,-42.5431
7.6462,46.1551
-25.8669,-54.4401
-48.2936,-68.9087
55.45,-22.2871
27.929,-67.6492
-22.4208,45.7919
-26.6393,56.1255
-62.6268,7.4342
-16.0157,31.9416
28.9913,106.5524
79.8686,10.1591
-60.8663,50.9987
-36.2269,-1.177
-4.4758,-26.1936
14.8811,-44.0301
47.2739,-31.581
19.6929,17.3557
40.6467,-51.2098
75.5031,6.9647
-19.1869,-7.5649
-14.5911,-141.5322
52.4266,4.5068
25.0996,55.7478
-24.9066,-20.7379
34.4477,8.1312
-8.7863,-46.1886
36.0874,90.085
-20.3132,76.9015
-9.2732,-34.2322
-74.2571,-19.1449
-16.8362,97.4787
-0.9048,-57.6622
60.7996,-53.6558
30.5822,44.4708
176.3404,58.2817
-65.8328,-30.4432
54.2109,-60.0545
-52.3316,-63.4812
-95.261,-21.1932
-96.9101,-20.8766
18.9264,-1.8619
6.0824,-10.6491
-51.5601,-35.2876
-51.2331,-51.1102
-106.589,-42.1565
-69.3643,29.291
32.3209,-15.9486
31.4823,108.2658
44.3114,31.177
57.1203,-29.4751
-33.7916,46.1447
-26.0175,-19.5626
44.1943,-7.4833
-31.166,-74.2937
72.4301,-31.3886
-29.2426,-35.1959
48.5451,-46.3164
-18.1483,-69.9806
62.8313,7.2149
81.8418,131.7955
15.4723,-38.9029
29.5337,14.9617
20.8426,-17.4991
18.0146,-0.6855
1.6404,4.9587
-16.2075,8.3479
-92.7375,-30.6506
74.0302,-2.2458
28.6712,-97.3322
-60.9056,-37.6976
2.8334,53.532
-7.2962,-75.5163
29.2888,-44.1119
11.482,124.3028
48.7877,-4.1388
-41.5341,0.6094
73.5416,-44.6024
20.5805,-12.4529
-28.3374,0.9921
-19.2658,30.5971
73.234,56.992
41.5344,9.7277
-30.9863,-58.6745
-50.6483,19.5328
-84.0336,-25.7205
85.1624,1.8776
-39.273,-34.1824
44.1594,-29.3766
-56.1025,43.9344
-26.3342,-37.1746
-31.0048,67.1216
170.0904,26.5966
53.2383,11.2677
-78.2608,13.3903
5.4747,-66.6662
4.5309,-20.6851
-18.2561,-71.8414
-40.7059,-24.2707
19.6271,72.8109
79.5189,5.0262
-85.5673,22.9619
38.2971,-38.7209
38.6872,-41.6916
28.4976,103.5439
55.8299,-6.7638
6.8777,-35.3406
0.4234,-56.9334
-23.2923,-5.6185
-65.9955,21.6029
-80.9535,-179.6426
99.0678,25.6628
-66.0104,-32.4341
92.7335,-25.2242
-86.9107,133.0867
30.0288,197.6544
9.8176,-74.8311
-45.5308,-51.2868
-5.3266,-18.3401
-61.6092,8.7842
-19.1299,-38.3364
43.4404,-9.2278
9.4022,54.9602
-82.5365,-10.9518
-3.0707,-58.2871
-50.5743,-14.714
-9.3505,40.8033
21.0457,24.1799
82.6724,24.6334
2.375,4.7546
64.3744,-63.4896
7.6399,-64.7927
66.8165,42.9803
-25.399,8.3372
-2.103,18.1245
-37.8714,35.5602
43.0969,-112.5377
-28.854,-68.961
-57.1686,74.5155
-40.6937,-79.712
-56.6304,-51.9661
12.9256,-3.989
131.5645,49.999
-9.7147,40.32
24.7461,-13.9944
70.9363,2.3723
66.0522,48.5576
138.9546,42.8232
-93.5286,9.1376
54.1034,-15.2476
15.0061,48.6606
65.7875,-2.137
57.3227,-12.4446
-58.9872,-43.534
-52.8763,52.1097
119.9733,72.7
-60.4019,-78.6108
15.4138,8.5958
-17.7391,32.2799
-30.4345,2.8817
55.8991,-44.4373
-38.6746,3.993
56.363,53.5284
51.7268,49.3849
22.1115,-21.8221
-65.4415,60.9163
-132.5932,-62.8499
92.2627,8.1422
55.4543,-23.126
-44.0813,-25.5143
9.8443,5.1515
14.7105,38.9749
-82.2912,-9.957
-148.3863,35.6477
-76.1841,-57.9579
-56.598,-69.3451
31.7389,-26.2458
98.0661,38.214
96.0194,3.7039
-72.8102,-45.3405
-30.7027,80.6227
-98.3914,-2.6125
20.0112,-14.2037
31.621,106.3033
88.335,-8.9474
-29.0489,-28.431
22.3746,-33.3624
50.498,-31.1472
-28.2969,-53.0197
45.7767,-43.7722
-24.1908,31.8369
38.4764,6.8657
-139.5866,-105.1429
-18.7405,1.2391
-6.3401,44.8048
71.4147,14.287
53.5802,152.4102
-19.3462,-66.8752
-89.5691,-13.8847
76.5432,-6.6233
-13.8579,-15.6219
46.2311,-25.6611
13.1047,-10.177
-18.5663,-32.5378
-39.905,53.5314
-3.7265,35.2624
-186.9921,83.584
-48.321,35.9656
56.1064,12.457
112.9314,4.9134
18.4309,-0.7719
42.9486,-47.2786
16.002,-71.1983
-75.9658,-58.5895
9.2037,-11.8305
-43.2054,57.1495
-67.1117,-33.5793
-76.361,-57.7782
34.6902,90.4019
40.0222,-46.6162
-51.6161,41.9168
-72.5135,10.3928
-32.8782,-31.2773
61.0097,13.2554
64.3022,-19.6901
-24.6095,-46.3126
-41.5041,61.5374
-100.7211,-38.2389
3.9777,84.7795
-73.7427,-13.6258
39.7056,-23.2345
-66.9692,34.0583
45.4341,-58.0648
44.7745,-61.6479
-10.4177,36.3974
31.2398,1.5272
14.8933,65.1935
-43.9808,41.3138
-24.8527,-11.1036
-48.7091,54.7257
-44.8274,30.5883
18.3652,-47.8235
6.9279,53.3771
-25.7945,8.2296
-1.2946,27.5045
-39.5966,-16.4507
-36.3215,-29.9338
8.0426,45.3764
1.3626,-74.2215
57.6516,-11.3147
110.4515,-25.6027
37.784,15.2823
38.3055,34.9753
-24.0436,89.7454
-25.2083,51.6571
-56.1383,-71.0984
-44.8889,23.0864
34.8574,4.0524
87.9482,98.5555
34.9001,-5.9364
101.9433,-131.5203
-68.5401,21.6161
51.255,2.8817
76.2183,-4.8145
-65.7294,60.6591
28.4107,-74.8923
128.9243,-0.4937
-17.2165,-98.3407
-44.7556,-12.2371
-27.8932,-3.3391
-36.2202,-88.8538
-6.5469,53.0345
-79.5429,-58.6515
-49.709,-58.7452
35.1209,-39.7594
-17.9307,15.7667
-10.7879,19.3121
67.7038,15.1754
-57.5736,-13.3886
61.7995,-33.9404
31.976,86.8513
-51.1254,19.5447
172.844,-89.9029
9.6091,-2.9036
64.0733,-10.415
27.267,64.4492
32.9792,106.5762
-13.601,20.146
-106.9384,110.8077
3.1291,16.0485
50.6786,-55.6978
-34.3354,-77.079
14.3862,36.4255
48.8199,-7.6393
-39.6151,-14.9938
60.6211,-6.2673
-26.3046,-9.5044
6.1336,-67.1037
2.3098,-4.9445
-63.8259,-61.5861
60.6566,-0.7861
-54.5044,12.2029
77.7769,-85.3465
53.0588,23.9742
65.8792,14.6103
80.4844,-21.13
-41.3375,-49.1819
34.9148,24.4379
-25.965,-19.6495
23.3797,16.173
-76.739,-65.2166
29.502,40.2881
-29.5843,62.9771
-56.0984,-82.9955
-43.1657,-33.6945
31.7573,4.369
-2.7279,-19.2807
63.8428,23.1548
32.6559,105.2971
-53.7943,51.5449
33.3201,4.148
-6.6056,33.0243
-15.3903,-0.2287
13.3059,18.9243
33.2327,45.4078
-2.4912,39.9974
-40.8245,-6.6966
1.1877,72.716
52.9824,-45.1052
45.4868,17.3604
14.4613,59.3064
15.4461,18.3468
-79.254,45.91
-25.7504,-74.7031
69.0034,51.8104
0.1579,-39.525
-41.6308,55.5246
26.071,-59.8989
-22.4631,45.6962
74.8973,-105.9023
42.5806,-57.8231
-48.3162,-52.5073
-52.2739,-53.0332
-31.9022,-81.8284
32.7352,24.7059
-14.8905,-23.3557
-38.4746,-28.9471
57.871,-101.0223
-19.2972,-82.3373
50.589,-142.5392
-23.8,18.5133
66.1243,62.376
-54.8922,-18.7031
-3.4749,-7.7986
0.0147,37.0474
36.1278,18.6621
17.0358,-31.318
24.4271,-60.1674
44.8321,-11.6138
3.1674,-38.5687
-61.2953,9.0991
34.198,36.881
-98.19,-56.7023
34.701,24.422
-36.9721,-47.0104
21.0825,24.5252
70.4674,-7.2959
27.1094,64.873
-3.3839,-10.6075
125.3626,-100.8963
-10.4405,-32.9021
50.7492,15.1585
16.8564,22.1978
-52.7443,32.9149
-49.4103,-76.7204
-52.5055,-61.5872
73.3321,56.7279
-34.1429,-46.356
58.2501,42.0572
-11.2936,12.1615
-24.951,-54.3481
52.4577,-42.5547
-0.9151,18.4543
-45.7918,-74.829
-21.5015,100.7507
-29.0557,84.832
-61.6649,20.4909
34.847,-3.1557
-50.5207,31.9668
10.0162,-6.5359
-10.2729,-59.4432
57.325,16.9292
-24.9731,148.5877
26.3291,-11.471
-34.8812,51.2547
-85.0505,-0.7821
-27.3729,55.8524
28.3639,17.9557
32.5899,107.049
-8.6025,48.1928
92.0997,35.2189
-9.6061,-11.7743
51.6899,42.2273
25.5408,-54.4733
-74.1484,-21.0995
-47.2298,-21.0931
69.29,-59.2923
43.3601,-60.9255
-39.7019,61.1877
-95.3668,-27.8001
-16.4751,4.4346
55.0201,-5.3121
13.1793,-38.5028
117.3131,-20.0554
37.3981,90.7139
-11.0571,19.4629
-41.3196,47.4344
-41.9456,-33.9045
63.084,-31.0677
-46.7948,2.114
27.3733,62.745
40.3155,74.4804
28.7957,84.1445
86.6897,19.593
-70.6696,-34.1681
-69.5922,-41.8575
-20.6298,57.6598
-12.5139,77.6195
-22.4097,74.7524
-7.7308,-16.7949
36.7022,12.7847
19.3911,-2.9115
-61.7516,-28.8371
-43.4492,60.894
-15.3573,11.6888
-20.6105,-13.5451
35.0649,83.5326
-72.5399,-32.3354
15.8643,98.4814
-0.9232,-66.5331
-22.8118,-25.0788
-1.0127,-5.1428
40.8591,-75.2822
29.0944,-49.6276
13.4603,-28.8626
31.3099,24.1771
-63.8052,-50.358
39.1645,-104.2433
40.0584,78.9474
123.1293,-158.1191
-56.293,-152.1071
29.7162,-33.7228
-12.6308,46.4236
-51.4426,-58.0832
1.166,-32.1877
-2.1695,69.3257
-62.4364,-35.8985
62.1953,-49.7733
0.519,-11.157
-30.6403,15.7573
-18.5859,-6.9893
-44.2494,-26.0398
-6.7099,10.0682
-57.6868,-72.2388
-76.8221,48.8742
44.1021,-7.3648
-57.7664,-42.0911
-11.0191,19.4694
-35.7941,74.3508
-35.8479,30.4058
9.5046,139.5851
19.1541,78.7814
-90.619,-12.2898
-26.1774,75.1272
-51.9663,-50.205
72.6901,-25.2455
-85.9962,-21.5367
1.1122,-32.4314
-26.228,73.7777
-115.3059,-0.2144
-82.6296,-11.2388
-98.8973,27.0386
2.7513,-27.7727
30.6905,21.3636
-18.3335,66.9698
84.9736,-35.3403
-12.7403,65.8752
-74.5194,-21.7344
0.1651,18.0829
-29.9811,10.5947
-62.522,23.3796
8.5783,-94.8137
-20.7052,61.7239
-56.807,-70.1103
-40.0486,45.3153
70.0114,-5.1532
37.4193,-66.7647
-12.8517,7.1734
76.7493,6.3426
35.9783,19.0634
39.0751,-47.8406
-13.1793,89.5908
21.1681,68.1078
-78.0492,-26.253
-4.7099,49.8447
47.0763,10.0133
-7.3505,-30.4723
-86.3303,7.2848
43.1895,-131.0319
47.3415,10.0857
43.1998,-41.3427
-73.3009,8.5699
79.6141,-6.5951
-22.2067,89.4868
-6.0846,-53.217
-34.1857,14.5
-34.3982,-22.2327
-46.5761,-19.7983
85.3124,62.7556
64.4283,39.8462
-52.1879,20.5695
-28.8508,-67.9511
45.1139,-42.9594
-33.4311,-37.3941
50.7989,30.5807
32.5449,-49.7572
50.1793,-47.8636
7.8162,-23.2029
21.9331,9.5027
-13.5931,16.0961
-78.8808,15.7207
-54.3888,50.0856
8.7055,-34.8577
-74.1647,-19.1151
7.0408,-46.8416
9.6163,-57.8035
-7.2787,-27.3304
30.4695,-73.9111
-65.5595,35.253
-61.0004,32.6506
-9.758,24.5304
-58.1068,-72.6258
-34.89,-46.9664
51.2924,68.9382
63.2434,-70.5223
58.9448,83.4938
-84.5025,-24.5669
74.8218,-17.3089
4.1684,-8.9615
39.8326,-62.4296
36.1585,89.911
-38.9624,-8.3336
85.1732,1.7225
-71.0602,-12.5535
-37.9863,-91.3123
-28.9241,84.5275
67.9291,-18.1991
-31.3684,-74.0658
-17.1458,37.0348
-48.1296,-51.9132
23.3256,-43.7342
27.2991,-59.4153
-41.5292,-66.7091
-1.264,42.5425
4.0533,-35.4471
-56.31,-4.9812
56.0975,-27.4768
183.9398,-25.7719
26.3343,-28.8138
-9.7191,49.2259
25.2704,26.6704
70.007,23.7658
-35.1103,-48.1371
-49.6826,15.9752
-0.6964,65.724
32.3027,53.9412
-67.2236,62.6877
-4.3888,-37.6234
65.0895,165.7878
-3.1895,65.6533
-51.1399,-70.6122
85.7368,-34.9725
29.1501,7.9423
-21.4156,48.024
24.3089,46.2854
-36.1638,61.3683
68.3318,39.1734
25.3951,-42.0322
-85.4797,-8.3289
93.2638,7.7636
78.5426,-52.2372
-12.1578,49.1502
-68.3896,21.6376
-41.3936,84.0443
-11.3346,-14.3081
45.1798,133.056
-22.9491,-34.1585
20.3084,46.6607
-42.3156,80.9989
15.8116,74.8096
-21.3967,68.7827
-3.4004,13.3304
-16.6097,-44.5088
-16.7068,3.9895
-8.3757,-42.18
-50.9325,-24.2594
-11.4586,68.2179
-21.1996,39.6101
29.6822,108.8839
-17.6409,-98.0088
-43.4396,87.3457
-135.6237,-90.1272
-22.4837,-38.6766
47.8053,23.1251
31.3557,-84.2999
-5.5667,-18.0763
-45.914,42.9163
53.6341,-1.1428
12.1389,8.0402
-13.6616,91.4192
-58.0591,-81.7713
-5.846,17.6455
33.3096,104.561
36.5156,4.3638
-8.2346,-126.5934
57.0071,-70.9647
-46.6196,-40.6415
-42.6366,-51.7939
-58.3398,22.0048
57.7781,-5.7923
27.307,62.5599
-54.0032,28.1456
-8.5354,-46.4626
77.959,36.3376
71.1101,-18.6802
63.6643,49.0722
-51.3079,6.4507
-158.8892,-69.2703
85.1372,-48.7877
22.7173,22.6219
93.6639,7.7013
55.4333,51.8348
71.4322,-27.9997
-47.525,5.7867
-69.8516,34.4713
8.6745,-2.7688
1.664,10.6898
-82.0258,45.3885
52.8655,-14.6223
15.1224,88.4099
57.3402,-55.1554
3.6148,-19.4071
7.4338,-83.3679
-30.3941,18.0446
-56.3525,123.2299
18.2509,2.62
-73.9618,-34.2091
38.9304,29.1536
-80.698,3.6847
43.0537,-43.6198
6.8192,57.9171
11.2106,-6.6816
-30.9334,90.6909
112.0124,82.3869
105.3944,-151.3998
-6.0389,-176.3014
-5.4127,-19.0671
-51.335,-51.8103
-2.3515,-89.6777
-4.445,50.4614
-91.5656,-15.1182
-67.7079,-55.8226
55.6244,29.0516
62.7031,-31.1668
-31.9727,-73.1996
37.7801,6.9299
36.9054,-38.6076
31.6077,27.9279
-64.9233,19.6087
-31.0766,79.8076
4.2358,40.9576
47.323,37.7478
42.4806,40.0489
46.2755,-35.9359
-3.8085,-39.7878
-20.6425,-66.7435
-11.3676,73.4197
-29.0743,-3.1946
-50.074,-27.9585
17.5884,-45.0636
4.7844,-27.2277
-81.6287,-23.1824
-47.4858,-66.0899
42.581,74.6792
-96.7094,-67.2647
-36.6471,-25.9954
-84.0017,-12.6539
-43.0533,87.4318
-19.0269,-19.9183
29.9604,71.7045
42.3619,33.754
-32.4369,-2.8971
27.9091,0.3403
-83.263,24.2957
-4.5061,-41.0963
17.9011,72.0297
-11.4907,-40.0125
-56.4429,36.6597
23.8939,-38.5475
35.5424,30.8232
29.0357,134.2963
9.5567,80.1592
-36.6327,-89.0713
-21.9508,74.2692
36.3132,-15.3257
-85.1685,-26.3215
-66.7252,-83.3138
41.8118,27.6364
-15.3252,-0.2472
18.6423,16.732
-68.4547,-30.2962
103.22,77.5385
-9.1549,-66.8221
16.8408,-35.8467
-39.3536,84.751
-100.6954,-38.2342
-30.7102,23.066
35.3487,78.6886
-28.6376,64.1262
8.077,54.5317
-47.4392,-48.0944
78.4871,31.7432
-125.5992,-103.1022
-8.5219,-42.1989
-8.1402,-28.4926
-70.6004,-38.0535
-13.1721,89.4568
42.2364,34.1423
-43.4223,-51.9017
-15.8824,100.1532
-8.3296,-98.2189
23.5425,-85.2391
62.3866,20.1804
-33.6655,-30.4651
37.4451,-44.0474
3.3903,-48.7755
-22.6148,21.875
0.4979,20.8672
32.8381,26.6942
-27.0984,71.9286
49.2562,19.5902
68.6348,27.8357
38.0032,-64.87
-60.3827,-44.807
3.7276,-41.2262
18.8989,82.4035
-61.3511,42.1113
-47.0592,21.0701
-84.925,-24.4943
67.6163,7.7312
35.5539,49.0125
-29.4618,-35.1734
29.9524,61.2873
-27.5362,-18.0744
-45.1439,22.8269
42.9536,-35.7571
-45.4875,-28.0088
-73.0541,-45.2875
166.1314,-26.6532
77.1049,1.0443
-20.3976,-29.1767
79.2993,67.3371
-164.6076,-92.1925
-19.2343,-5.9375
-75.7887,-6.1218
-44.8234,-31.8473
-25.8927,-38.5117
73.5699,-8.7903
-46.028,64.7475
4.037,81.482
-25.5858,43.8935
90.6477,28.8129
53.8914,-23.9134
-72.5269,-41.3997
-31.2325,-5.9558
65.1915,25.7116
-37.503,-54.3391
71.5618,26.2016
1.1901,-12.1523
-23.4861,-50.2344
71.4436,-37.8462
-40.4114,-43.515
24.0443,6.1562
-20.0713,48.1424
-62.7171,-38.2958
66.2456,10.7454
23.0616,42.1552
42.7941,-28.4519
-17.8401,15.5874
11.406,71.8151
48.7707,-4.1465
14.0124,-22.6695
4.0884,70.248
-1.5314,-21.1036
-42.6505,35.346
-69.1188,-109.8165
-63.3104,-38.9659
14.0835,60.5504
-29.2456,-63.5947
-11.1953,-19.107
-48.7481,55.876
-49.668,-17.4965
50.3143,6.2179
11.1279,-10.8792
65.3814,-13.5062
21.3547,68.0103
-31.8318,30.5317
99.7121,-9.279
-42.4567,-42.0503
63.8139,-45.6949
28.3953,-64.7253
76.2079,-50.2944
-71.3662,-36.3401
-76.7785,-13.2671
-15.6053,23.0024
-4.9682,-62.7025
73.0797,72.0327
-100.8446,-125.7763
-17.0528,55.2698
-0.3211,33.484
78.5655,31.7148
48.0641,35.2158
-30.8948,43.4812
-52.2973,-63.1931
-76.6634,-62.5504
5.0605,-14.4278
-85.4399,-8.3695
-23.5551,59.0784
31.6239,27.6467
14.7021,6.6191
-39.581,-16.5955
-57.5476,43.9801
-70.3963,-5.3114
-36.7083,38.2354
-76.7268,-57.6057
54.8118,-14.3545
6.6189,-35.0842
-28.142,1.3032
-87.0901,-44.4084
40.7296,56.433
-21.1782,73.0752
28.8213,83.691
-95.9907,-27.9914
-27.3211,-44.4612
69.4287,47.0579
-65.3653,55.9891
39.8719,28.9854
73.8741,54.751
-61.9222,108.0895
18.7729,-73.35
-44.3473,50.8403
-35.6509,22.0783
-66.468,57.2492
-15.7887,0.0238
-158.912,-9.4768
85.1229,-51.6052
42.4033,33.9181
17.6853,64.2283
69.6882,38.046
-24.6556,10.7902
23.5342,-50.0362
-62.75,-78.1831
49.9927,4.2841
76.6444,-6.4142
30.935,74.7431
-62.4209,-2.6507
-24.4336,31.9332
13.6208,2.2832
-55.9361,-58.0988
-66.2884,-16.7417
51.7081,28.5021
-11.2788,-3.0667
-92.325,-25.7295
4.4554,-0.8659
0.162,-72.9839
-44.6512,-32.9527
-45.8521,-74.8213
-71.1114,-12.5866
51.6995,-24.6229
-60.4719,50.9703
-44.6139,26.6911
-26.2325,32.4222
40.6361,-9.5618
44.6573,-74.0744
9.8494,-6.4765
-67.5499,-47.1772
-2.5755,54.2946
57.6278,-40.4764
-109.9543,66.2696
-48.0431,-23.3492
41.7682,-26.4904
-113.1506,22.8102
-56.0532,-80.5796
43.1084,74.6672
11.075,39.6522
-41.3398,-49.198
-21.6012,31.4107
-52.6013,3.4246
-17.9958,-27.1975
-38.2754,-36.4055
-43.5675,1.3889
171.2777,80.1494
-112.9029,22.5998
-10.8462,69.4157
69.2215,-63.3043
85.0062,13.7438
39.8557,17.8263
48.845,-54.2052
-70.2904,-37.7748
-8.7707,-28.5368
23.5861,18.1864
-36.7425,-89.1766
-2.7388,76.948
-73.7517,-15.4895
11.1822,-20.0048
143.9616,3.7075
5.5361,40.645
-74.1718,-28.9885
37.6416,-65.8973
-35.6311,-65.6202
30.8216,-42.6229
-55.3634,10.946
-19.7083,34.4831
-29.7951,-15.6672
-10.2616,-14.9532
-24.0675,87.1401
51.1251,-121.8156
-20.0131,9.5003
-17.4849,2.7745
-9.487,-7.8205
14.716,-44.0747
-14.5553,78.9194
-133.2559,-129.8101
34.815,108.3644
85.8875,-101.054
51.7283,58.4703
-3.3647,-50.0911
-154.6589,-114.3947
41.6614,15.3034
-6.0968,4.0835
-43.0984,80.2615
85.4512,-15.767
14.5992,-67.326
-41.2411,34.2482
-3.9183,-51.1689
-2.7231,39.6415
82.3013,22.2282
8.0454,64.3928
14.1792,45.2532
20.2672,46.6045
-69.753,-37.7759
44.4916,23.563
65.5281,-42.2905
3.4213,-48.5631
56.1445,-8.4874
-93.0201,0.6227
64.9944,-82.325
31.7404,-34.8159
52.7409,46.9629
-54.0068,-12.8754
81.4595,17.3638
-38.2707,30.7139
-9.2989,-0.4179
13.0974,58.0078
10.9492,-28.1143
-212.3265,-7.2512
17.4822,-57.089
-16.289,94.435
90.1232,50.1624
3.3611,-48.1023
-7.0592,-13.8895
-22.5324,18.6904
-101.3515,129.0183
-97.9319,164.0843
48.9865,70.9486
5.3812,198.3047
23.2996,-85.2338
-52.7216,-61.3132
-55.4473,0.1216
9.8756,-11.9348
38.4397,-9.8416
-103.2165,-5.554
-19.4472,-66.8193
40.4985,-36.3194
-54.9161,69.6902
-58.7599,-14.5947
-13.9573,31.1199
-34.719,137.213
-15.2608,-12.9379
53.6715,-37.1528
69.4761,61.9552
37.7077,74.3545
77.5877,20.7733
16.8702,21.1874
51.5071,90.3439
-34.2754,-76.6149
9.7141,-74.482
5.4699,79.777
38.732,-15.364
90.6353,-25.6864
-77.4731,47.8529
-82.1448,-39.9369
79.9251,-28.2228
13.4448,-32.9401
-2.1092,-37.9105
-41.1487,-61.3086
-61.1104,-61.8361
20.8596,-59.9543
114.0554,54.7556
69.7615,-13.9228
-18.3111,-72.0949
-53.106,23.8224
80.9204,-9.3515
9.5764,-25.7582
129.0715,23.3538
-117.8713,54.167
-47.8383,-32.9433
-5.1198,-62.3689
20.4583,-46.3894
-42.7406,58.6256
-45.6369,-51.4034
-36.0874,20.7637
-24.5865,52.2602
72.6527,87.2394
-42.3509,-51.8234
-20.3184,-46.6286
23.9853,-6.7979
57.4744,-40.9237
-41.3845,29.0163
-75.3426,-34.2927
-147.9354,75.4265
19.3367,31.1719
-8.3662,77.7821
24.2517,15.4651
37.9699,-54.6799
12.0683,11.0328
-52.7736,-12.2208
-48.4544,191.3545
-47.422,-48.1412
44.2264,33.1879
-75.0572,-46.1245
36.9815,12.1126
14.5006,36.6415
31.6678,105.4761
-18.8596,-38.3041
3.1858,35.4267
30.0284,-84.6318
1.1954,29.847
47.891,-19.4294
-17.0711,-54.1787
139.3977,87.2957
-73.3091,-155.8276
8.8943,-43.4211
131.8526,-49.3505
-54.5705,70.9003
67.7895,-23.7652
2.286,-99.5019
15.9434,67.8731
-31.935,-0.509
135.3581,-34.7445
28.5435,-30.107
66.6095,-10.7142
24.0838,34.8809
-10.2798,-46.5408
-21.2951,-68.2885
46.5011,-32.565
47.4474,-46.9901
45.9198,-11.7582
-34.4411,-35.1688
69.4544,15.1024
-32.6419,-44.6288
43.9291,-47.2475
36.0533,-23.0099
10.6698,-49.3692
-14.0074,-47.5322
-7.1913,-74.8693
12.6061,-20.0234
-9.8077,-12.608
-34.3778,14.3591
-47.3467,-4.7711
69.177,-5.3281
-4.4032,28.244
-153.8275,87.2967
94.0801,23.8034
17.4544,-41.3677
6.8558,9.9364
56.0614,-7.066
29.0591,105.5998
-48.2954,-67.5155
-65.1483,35.6659
-122.5738,-87.6002
-10.2729,-33.105
67.2503,60.6406
29.4082,-28.433
52.8244,-49.9269
55.5938,-14.5662
-37.4466,-60.0425
24.572,17.6503
66.9687,39.5265
34.5268,-29.9289
-43.7576,-24.8442
55.2386,17.2374
37.1894,81.2894
-50.6724,-7.0344
-18.2263,-97.1877
-47.4531,-38.9604
62.1106,-2.0497
-40.7915,-61.5842
-28.271,-69.1797
12.1794,-36.995
7.144,-65.8861
10.2913,75.4999
28.8858,-64.8471
135.0511,-21.467
18.0515,-3.4915
51.6624,-109.4949
48.9921,-50.425
-42.2916,-26.8816
-34.0399,-64.5284
30.8652,105.3317
30.0619,-23.1243
-39.0731,34.002
99.5756,44.7821
15.3801,8.5724
28.5046,103.5018
59.3611,-131.3507
29.1502,7.9169
-41.9386,28.274
46.906,28.7041
60.1516,57.5965
60.2051,57.9889
67.354,60.7357
4.3814,-66.2545
9.2048,79.8369
-27.2693,-10.0165
-22.5422,-48.63
-6.1532,-74.5756
-54.6599,-18.4658
-52.4022,4.4415
-174.4075,-109.1337
33.1639,30.7087
82.3461,-30.32
28.3774,56.746
1.872,48.2566
9.798,30.1
14.0618,19.0062
18.263,-44.0271
-9.721,-56.9452
-50.1322,-72.6394
-26.9579,64.3187
1.8901,-24.3488
-68.6843,53.0849
4.1129,-1.7918
-56.7486,43.9509
-1.775,-3.8568
-67.9546,-55.7901
71.1775,0.3223
-63.1594,-50.7064
-28.2889,29.8187
-25.3553,27.5175
44.6243,-81.3359
-32.7375,-2.2134
-103.4178,-30.0848
22.279,67.2411
110.4475,29.402
-18.999,63.7577
-20.8724,-66.613
-2.2855,-26.8012
-10.6012,-2.3904
86.6761,38.7797
83.9308,-153.8952
30.8649,23.825
-67.4318,-57.6482
-100.5524,100.3213
-17.6351,-32.837
-65.1338,-75.7738
-60.0439,-79.1458
-12.4089,75.681
-3.2578,-66.7937
36.0046,-20.8856
46.0379,10.2976
61.8623,-33.8866
64.4492,-12.1489
0.959,-43.9279
14.1404,-19.7015
69.3308,-28.4368
68.6879,10.8287
-17.9054,-9.3171
-85.8316,-20.847
31.5348,-4.8683
-78.6425,-6.8042
-20.1887,-43.9067
-70.3461,16.9824
-59.953,16.2196
48.6179,-54.0088
57.4517,-24.144
-24.9367,32.0771
-47.2636,1.7013
-10.2939,-5.5101
-41.5633,-11.3589
115.062,-121.4456
-39.2166,-20.5311
36.6613,12.9188
-57.7602,9.9507
-33.9153,4.1667
24.7302,60.2561
52.1995,-33.552
-59.0974,-33.8441
6.4115,89.9365
-53.9092,49.8467
-19.7171,33.9904
-23.2663,-59.6456
-112.4577,23.0176
48.565,54.0066
-9.5495,34.4795
-21.9299,-5.5051
62.2485,71.7177
28.4057,-67.6569
-46.9135,8.1489
33.4506,20.2021
52.1041,4.2647
23.0388,41.8787
-73.8618,-12.9225
-29.1043,44.1398
-10.0323,44.1588
-15.8346,12.7139
67.2079,-52.4882
-46.7275,-41.1114
32.2088,106.1442
-83.0691,23.1417
30.7524,21.3556
4.9274,15.1747
72.5709,36.2075
8.8219,-96.6632
82.7364,25.4402
45.2229,59.0273
-82.8798,-11.7953
39.2319,78.6931
72.0762,-38.2786
42.1586,8.6209
104.6756,9.7154
8.6247,-181.9033
21.037,24.0439
10.763,-0.3361
-9.3608,94.0479
-2.8851,180.9031
-84.3713,-39.3352
-94.9684,-21.0489
61.0972,35.1729
26.2025,-111.8103
-29.8045,62.7294
73.4672,-48.2118
39.8467,45.7118
-19.0239,-22.172
-37.7449,35.786
69.6808,24.007
-44.8261,-12.8473
85.1778,1.8174
-51.3132,-45.4253
-36.2538,51.7008
-33.001,25.0582
29.2297,106.2228
50.2577,-40.7702
-24.5521,86.3177
21.4787,-22.4728
72.4991,-41.9453
8.3725,14.2551
-55.1357,-0.2222
-18.6038,-22.0775
-11.3156,-21.2281
48.1127,-23.1276
-26.9275,-43.112
-12.6761,-14.7215
-113.9412,81.4514
-55.3675,-56.6412
38.6718,-15.3735
53.2821,122.6189
50.6762,-28.747
3.6893,-20.1511
-3.1516,3.4824
-37.6914,-78.134
24.4321,-21.8955
14.4128,-70.5387
-55.6881,51.1752
30.3098,-34.578
-3.4524,-7.7908
86.4389,-18.6368
7.9163,-31.1493
-42.8268,-40.9667
31.224,10.8695
-18.0561,-14.5485
-12.8326,88.4839
-15.6303,91.2583
8.127,62.3751
-26.9706,-7.6802
115.8908,38.2311
28.1843,22.37
43.1232,42.4944
-42.442,56.7536
-19.4787,-82.927
11.6936,70.1426
69.4157,47.0821
-63.8583,52.4894
-63.3445,38.591
9.3001,-50.4797
-83.6195,-39.6354
-47.964,-23.1965
-16.7388,-37.993
-135.4881,-41.2926
50.4403,50.18
43.7006,-12.313
22.7873,-4.9957
61.0805,-23.3426
-117.7536,122.7267
94.7621,-42.4905
11.0893,-47.3893
41.358,0.498
17.8183,31.077
-47.7006,-65.9635
56.949,-16.8899
-50.9743,6.9153
82.3122,22.3085
-10.1426,-80.837
63.4535,7.6757
-13.6623,90.7096
-19.4103,62.2474
-56.4446,-58.6372
-62.3311,-2.5693
1.8748,-24.3226
47.6965,29.9317
-54.6165,-13.1662
-92.9128,0.1604
-49.3587,36.4032
9.6617,-74.3239
-33.4947,-45.9842
1.0716,59.2027
53.497,-65.0363
-4.2706,39.7284
-0.3865,-150.6123
-67.2815,56.8977
100.0758,19.4668
-26.2669,18.8841
68.3076,-19.1113
-34.0789,-76.1058
7.9805,-64.3884
-39.547,30.9121
64.4073,-63.6122
21.4562,-11.5739
40.0952,-154.1901
-0.0554,82.6636
7.9711,-42.7904
-62.3608,-35.8072
124.5261,-67.6841
60.5794,88.0119
71.8625,-48.9821
40.6831,56.5114
-6.1243,4.0981
-81.6756,-23.2348
-17.4891,-53.6233
68.1507,-161.113
-11.363,-14.3345
-17.2157,9.0155
14.3117,-9.7127
95.8383,3.5714
-50.773,29.3917
51.8505,12.6426
58.4879,7.3164
-25.0452,-1.8768
53.1563,58.2841
-27.6495,-3.4576
27.5925,47.6228
30.9484,-140.6249
29.8576,15.3152
13.4885,-18.3111
-41.1915,-61.3252
24.0296,18.0441
-32.9442,25.2817
35.548,30.8111
16.2635,90.2696
-65.6161,47.8913
87.0093,-17.5391
-63.4637,7.5114
-42.7362,40.2367
40.8324,-75.451
-44.2668,50.6504
46.3551,-35.3311
12.2091,50.0243
-80.6339,-51.5651
5.4481,-49.6972
57.798,1.7791
-44.8454,26.9239
-62.8317,36.3941
57.1207,6.2423
-18.8575,1.2607
-43.5901,89.3826
32.2035,83.0044
-23.5691,-50.3464
21.3394,30.0706
-73.7035,7.7291
-96.6512,-20.929
-10.9336,-67.6303
72.6806,36.1178
65.2214,-47.5297
46.193,-0.597
-30.9054,90.7122
-24.7619,-21.1061
104.0501,32.4409
21.9242,67.5725
1.8829,17.3435
55.0419,15.2515
93.9198,64.636
7.6329,154.4445
2.008,-59.9131
55.1253,-5.3731
-29.4113,-63.5717
-80.7791,22.5842
-31.0825,-47.5161
86.2679,-16.861
-52.1458,-41.4756
-148.2753,-78.502
59.6155,-3.0551
-55.4088,-56.6867
74.7945,11.4654
8.1089,45.3123
-33.5386,-52.0619
36.8656,11.3183
58.0073,41.5259
-93.9329,113.5613
31.9015,51.5144
-89.4094,182.2656
9.6022,48.1163
16.4639,-6.5886
-0.2329,-88.0132
-30.3212,70.1332
38.0954,78.3371
8.9535,52.0661
51.1569,2.6746
-13.0134,7.4532
24.5099,-38.3277
-204.6883,18.79
45.9889,-51.5993
-64.4771,-16.1718
123.2695,60.4979
-44.0539,-44.4359
33.8397,-81.9837
14.5734,-16.725
-21.946,-38.5659
55.8937,10.6596
-79.3004,165.7275
4.1135,-24.1267
30.3744,-14.468
14.9746,39.9879
23.1833,-48.5924
16.4807,71.1129
62.995,-20.9025
-72.1436,11.1358
55.3231,52.3773
-9.3156,28.7986
6.3611,32.8229
70.9328,2.5463
-2.9161,-71.69
-16.7607,-44.5346
-24.6799,-24.7037
-68.9063,53.0578
-23.487,-29.0734
-51.6007,35.9943
79.4804,-29.0386
57.3514,-55.128
-46.4325,31.309
-60.162,-44.8005
-4.7388,46.8304
-78.1855,40.6623
30.6327,-38.3317
-138.6633,149.0322
-26.4722,-74.8892
-95.5377,3.8786
61.3501,-50.5748
36.2543,9.9803
86.8711,-19.4924
78.5347,5.8266
-37.1042,-47.0568
1.168,29.6893
-43.0885,78.392
47.8722,23.0601
88.7539,73.782
12.128,-36.7411
-19.0096,-81.4093
-41.5864,10.7212
30.5078,-10.3455
24.7169,-14.1379
15.01,-6.3285
0.2183,37.1862
7.0347,-17.7038
8.9603,52.0607
63.5593,7.7978
6.5031,9.8097
-94.0423,-5.8422
-64.3236,4.1191
-51.7105,-50.6869
-26.2232,72.0265
-14.8375,52.0978
18.3418,-73.2689
-88.0928,-28.4
-19.2207,-82.0763
20.9211,-30.3519
72.1732,18.4188
-41.4844,47.7536
-64.1364,4.798
65.8869,-42.8332
-34.4238,-76.7484
54.2716,-60.1196
-73.6641,-30.0843
-114.4349,-28.0923
61.628,-23.2376
40.3248,31.036
-95.4903,-6.419
76.0923,114.6011
55.96,-6.7166
45.7974,-48.1524
54.1329,2.5846
15.0388,40.1554
67.8954,37.7739
-29.4646,-15.8016
-23.6478,52.1192
76.3447,10.9492
-80.8562,-50.6453
-76.6244,49.2052
21.9414,-68.8355
-38.2833,-78.3877
-69.4644,9.8836
9.9344,-40.6417
4.696,-0.4019
-9.8658,-81.3668
-12.6272,-7.5317
15.8628,-47.7236
21.2598,-62.4979
-20.0158,-38.5287
31.6534,-84.2092
-46.3186,-40.6097
-12.9217,-89.4078
-54.7472,49.6709
12.1734,27.6804
-77.8919,-99.7712
160.929,38.1826
-31.0837,79.8482
